-- MySQL dump 10.13  Distrib 5.5.34, for debian-linux-gnu (x86_64)
--
-- Host: localhost    Database: phantom
-- ------------------------------------------------------
-- Server version	5.5.34-0ubuntu0.12.04.1

/*!40101 SET @OLD_CHARACTER_SET_CLIENT=@@CHARACTER_SET_CLIENT */;
/*!40101 SET @OLD_CHARACTER_SET_RESULTS=@@CHARACTER_SET_RESULTS */;
/*!40101 SET @OLD_COLLATION_CONNECTION=@@COLLATION_CONNECTION */;
/*!40101 SET NAMES utf8 */;
/*!40103 SET @OLD_TIME_ZONE=@@TIME_ZONE */;
/*!40103 SET TIME_ZONE='+00:00' */;
/*!40014 SET @OLD_UNIQUE_CHECKS=@@UNIQUE_CHECKS, UNIQUE_CHECKS=0 */;
/*!40014 SET @OLD_FOREIGN_KEY_CHECKS=@@FOREIGN_KEY_CHECKS, FOREIGN_KEY_CHECKS=0 */;
/*!40101 SET @OLD_SQL_MODE=@@SQL_MODE, SQL_MODE='NO_AUTO_VALUE_ON_ZERO' */;
/*!40111 SET @OLD_SQL_NOTES=@@SQL_NOTES, SQL_NOTES=0 */;

--
-- Table structure for table `CONTACTS`
--

DROP TABLE IF EXISTS `CONTACTS`;
/*!40101 SET @saved_cs_client     = @@character_set_client */;
/*!40101 SET character_set_client = utf8 */;
CREATE TABLE `CONTACTS` (
  `id` bigint(20) NOT NULL AUTO_INCREMENT,
  `OWNER_ID` bigint(20) NOT NULL,
  `CONTACT_ID` bigint(20) NOT NULL,
  `TYPE` varchar(254) NOT NULL,
  PRIMARY KEY (`id`),
  UNIQUE KEY `uniqueContact` (`OWNER_ID`,`CONTACT_ID`),
  KEY `CONTACT_FK` (`CONTACT_ID`),
  CONSTRAINT `OWNER_FK` FOREIGN KEY (`OWNER_ID`) REFERENCES `USERS` (`ID`) ON DELETE NO ACTION ON UPDATE NO ACTION,
  CONSTRAINT `CONTACT_FK` FOREIGN KEY (`CONTACT_ID`) REFERENCES `USERS` (`ID`) ON DELETE NO ACTION ON UPDATE NO ACTION
) ENGINE=InnoDB AUTO_INCREMENT=7171 DEFAULT CHARSET=latin1;
/*!40101 SET character_set_client = @saved_cs_client */;

--
-- Dumping data for table `CONTACTS`
--

LOCK TABLES `CONTACTS` WRITE;
/*!40000 ALTER TABLE `CONTACTS` DISABLE KEYS */;
INSERT INTO `CONTACTS` VALUES (3051,8,5,'friend'),(5628,16,5,'friend'),(5629,16,16,'friend'),(6121,4,1,'friend'),(6122,4,4,'friend'),(6123,4,5,'friend'),(6724,1,1,'friend'),(6725,1,4,'friend'),(6726,1,5,'friend'),(6727,1,6,'friend'),(6732,13,5,'friend'),(6733,13,6,'friend'),(6734,13,7,'friend'),(6999,14,7,'friend'),(7000,14,14,'friend'),(7059,7,5,'friend'),(7060,7,6,'friend'),(7061,7,7,'friend'),(7062,7,13,'friend'),(7063,7,14,'friend'),(7064,7,17,'friend'),(7089,5,1,'friend'),(7090,5,4,'friend'),(7091,5,5,'friend'),(7092,5,6,'friend'),(7093,5,7,'friend'),(7094,5,13,'friend'),(7095,5,16,'friend'),(7096,5,17,'friend'),(7151,17,5,'friend'),(7152,17,6,'friend'),(7153,17,7,'friend'),(7154,17,17,'friend'),(7155,19,6,'friend'),(7156,19,19,'friend'),(7164,6,1,'friend'),(7165,6,5,'friend'),(7166,6,6,'friend'),(7167,6,7,'friend'),(7168,6,13,'friend'),(7169,6,17,'friend'),(7170,6,19,'friend');
/*!40000 ALTER TABLE `CONTACTS` ENABLE KEYS */;
UNLOCK TABLES;

--
-- Table structure for table `CONVERSATIONS`
--

DROP TABLE IF EXISTS `CONVERSATIONS`;
/*!40101 SET @saved_cs_client     = @@character_set_client */;
/*!40101 SET character_set_client = utf8 */;
CREATE TABLE `CONVERSATIONS` (
  `id` bigint(20) NOT NULL AUTO_INCREMENT,
  `TO_USER` bigint(20) NOT NULL,
  `FROM_USER` bigint(20) NOT NULL,
  `RECV_PHONE_NUMBER` varchar(254) NOT NULL,
  `LAST_UPDATE_DATE` timestamp NOT NULL DEFAULT CURRENT_TIMESTAMP ON UPDATE CURRENT_TIMESTAMP,
  PRIMARY KEY (`id`),
  KEY `TO_USER_FK` (`TO_USER`),
  KEY `FROM_USER_FK` (`FROM_USER`),
  CONSTRAINT `FROM_USER_FK` FOREIGN KEY (`FROM_USER`) REFERENCES `USERS` (`ID`) ON DELETE NO ACTION ON UPDATE NO ACTION,
  CONSTRAINT `TO_USER_FK` FOREIGN KEY (`TO_USER`) REFERENCES `USERS` (`ID`) ON DELETE NO ACTION ON UPDATE NO ACTION
) ENGINE=InnoDB AUTO_INCREMENT=271 DEFAULT CHARSET=latin1;
/*!40101 SET character_set_client = @saved_cs_client */;

--
-- Dumping data for table `CONVERSATIONS`
--

LOCK TABLES `CONVERSATIONS` WRITE;
/*!40000 ALTER TABLE `CONVERSATIONS` DISABLE KEYS */;
INSERT INTO `CONVERSATIONS` VALUES (1,4,1,'+16144993676','2014-02-22 17:48:34'),(2,5,1,'+19145526315','2014-02-22 17:23:55'),(3,1,5,'+19197419597','2014-02-22 17:24:56'),(4,4,5,'+16144993676','2014-02-22 17:24:56'),(5,1,6,'+19197419597','2014-02-22 17:39:25'),(6,5,6,'+19145526315','2014-02-22 17:36:59'),(7,1,5,'+19197419597','2014-02-22 17:49:18'),(8,5,1,'+19145526315','2014-02-22 17:49:50'),(9,5,1,'+19145526315','2014-02-22 17:52:04'),(10,1,6,'+19197419597','2014-02-22 22:41:31'),(11,5,6,'+19145526315','2014-02-22 18:07:07'),(12,5,5,'+19145526315','2014-02-22 18:06:37'),(13,7,7,'+18166860304','2014-02-22 18:16:18'),(14,5,13,'+19145526315','2014-02-22 18:23:52'),(15,6,13,'+16467530035','2014-02-22 18:26:41'),(16,7,13,'+18166860304','2014-02-22 18:23:52'),(17,5,1,'+19145526315','2014-02-22 18:31:30'),(18,5,5,'+19145526315','2014-02-22 18:37:02'),(19,5,5,'+19145526315','2014-02-22 19:24:46'),(20,5,5,'+19145526315','2014-02-22 19:31:04'),(21,5,7,'+19145526315','2014-02-22 19:36:09'),(22,6,7,'+16467530035','2014-02-22 19:36:09'),(23,13,7,'+16507934020','2014-02-22 19:36:09'),(24,5,7,'+19145526315','2014-02-22 20:45:22'),(25,6,7,'+16467530035','2014-02-22 20:14:14'),(26,13,7,'+16507934020','2014-02-23 02:43:34'),(27,4,5,'+16144993676','2014-02-22 20:46:06'),(28,6,5,'+16467530035','2014-02-22 20:48:35'),(29,7,5,'+18166860304','2014-02-22 20:55:56'),(30,1,6,'+19197419597','2014-02-25 21:01:15'),(31,5,6,'+19145526315','2014-02-22 21:58:16'),(32,7,6,'+18166860304','2014-02-22 21:38:38'),(33,13,6,'+16507934020','2014-02-22 21:06:06'),(34,5,7,'+19145526315','2014-02-22 22:31:03'),(35,6,7,'+16467530035','2014-02-22 22:31:03'),(36,13,7,'+16507934020','2014-02-22 22:31:03'),(37,1,5,'+19197419597','2014-02-23 03:33:08'),(38,4,5,'+16144993676','2014-02-23 02:03:05'),(39,7,5,'+18166860304','2014-02-23 02:53:32'),(40,13,5,'+16507934020','2014-02-23 02:42:42'),(41,5,13,'+19145526315','2014-02-23 03:57:48'),(42,6,13,'+16467530035','2014-02-23 03:57:48'),(43,7,13,'+18166860304','2014-02-23 16:25:26'),(44,6,5,'+16467530035','2014-02-23 16:36:03'),(45,7,14,'+18166860304','2014-02-23 17:59:28'),(46,15,14,'+13474921313','2014-02-23 17:59:28'),(47,5,13,'+19145526315','2014-02-24 00:09:01'),(48,6,13,'+16467530035','2014-02-23 18:46:04'),(49,7,13,'+18166860304','2014-02-23 19:03:10'),(50,5,7,'+19145526315','2014-02-23 18:58:14'),(51,6,7,'+16467530035','2014-02-23 18:58:14'),(52,13,7,'+16507934020','2014-02-23 18:58:14'),(53,7,14,'+18166860304','2014-02-23 20:14:42'),(54,5,7,'+19145526315','2014-02-23 22:42:42'),(55,6,7,'+16467530035','2014-02-23 21:56:32'),(56,13,7,'+16507934020','2014-02-23 21:56:32'),(57,14,7,'+19177427979','2014-02-23 21:56:32'),(58,5,7,'+19145526315','2014-02-23 22:47:00'),(59,6,7,'+16467530035','2014-02-23 22:47:00'),(60,13,7,'+16507934020','2014-02-23 22:47:00'),(61,14,7,'+19177427979','2014-02-23 22:49:54'),(62,5,7,'+19145526315','2014-02-24 00:26:14'),(63,6,7,'+16467530035','2014-02-24 00:26:14'),(64,13,7,'+16507934020','2014-02-24 02:24:00'),(65,5,7,'+19145526315','2014-02-24 01:58:42'),(66,6,7,'+16467530035','2014-02-24 03:44:58'),(67,13,7,'+16507934020','2014-02-24 01:58:42'),(68,14,7,'+19177427979','2014-02-24 16:44:06'),(69,7,14,'+18166860304','2014-02-24 13:30:40'),(70,4,1,'+16144993676','2014-02-24 14:49:53'),(71,5,6,'+19145526315','2014-02-24 14:56:34'),(72,7,6,'+18166860304','2014-02-24 14:56:34'),(73,13,6,'+16507934020','2014-02-24 14:56:34'),(74,5,7,'+19145526315','2014-02-24 17:09:54'),(75,7,5,'+18166860304','2014-02-24 17:11:28'),(76,7,5,'+18166860304','2014-02-24 17:13:52'),(77,7,5,'+18166860304','2014-02-24 17:17:49'),(78,5,16,'+19145526315','2014-02-24 19:14:55'),(79,1,5,'+19197419597','2014-02-24 19:22:35'),(80,6,5,'+16467530035','2014-02-24 19:22:35'),(81,7,5,'+18166860304','2014-02-24 19:22:35'),(82,13,5,'+16507934020','2014-02-24 19:22:35'),(83,7,5,'+18166860304','2014-02-24 21:11:06'),(84,14,7,'+19177427979','2014-02-25 20:06:14'),(85,6,5,'+16467530035','2014-02-24 21:16:40'),(86,7,5,'+18166860304','2014-02-24 21:16:40'),(87,5,6,'+19145526315','2014-02-24 21:25:00'),(88,7,6,'+18166860304','2014-02-24 21:25:00'),(89,13,7,'+16507934020','2014-02-24 21:27:10'),(90,1,5,'+19197419597','2014-02-24 22:16:46'),(91,17,5,'+14043174092','2014-02-24 22:16:46'),(92,6,5,'+16467530035','2014-02-24 22:17:25'),(93,6,7,'+16467530035','2014-02-24 22:20:03'),(94,5,6,'+19145526315','2014-02-25 04:45:07'),(95,7,6,'+18166860304','2014-02-24 22:22:07'),(96,17,6,'+14043174092','2014-02-24 22:22:07'),(97,17,7,'+14043174092','2014-02-24 22:23:15'),(98,13,6,'+16507934020','2014-02-24 22:37:56'),(99,17,6,'+14043174092','2014-02-24 22:37:56'),(100,5,7,'+19145526315','2014-02-24 22:38:05'),(101,1,5,'+19197419597','2014-02-24 22:44:41'),(102,4,5,'+16144993676','2014-02-24 22:44:41'),(103,6,5,'+16467530035','2014-02-24 22:44:41'),(104,7,5,'+18166860304','2014-02-25 01:04:42'),(105,13,5,'+16507934020','2014-02-24 22:44:41'),(106,16,5,'+17325800448','2014-02-24 22:44:41'),(107,5,1,'+19145526315','2014-02-24 23:59:22'),(108,4,1,'+16144993676','2014-02-25 00:13:45'),(109,5,1,'+19145526315','2014-02-25 00:13:45'),(110,5,7,'+19145526315','2014-02-25 00:28:05'),(111,6,7,'+16467530035','2014-02-25 00:28:05'),(112,13,7,'+16507934020','2014-02-25 00:28:05'),(113,17,7,'+14043174092','2014-02-25 00:28:05'),(114,5,7,'+19145526315','2014-02-25 00:28:20'),(115,6,7,'+16467530035','2014-02-25 00:28:20'),(116,13,7,'+16507934020','2014-02-25 04:42:31'),(117,17,7,'+14043174092','2014-02-25 00:28:20'),(118,5,7,'+19145526315','2014-02-25 00:28:32'),(119,6,7,'+16467530035','2014-02-25 00:28:32'),(120,13,7,'+16507934020','2014-02-25 00:28:32'),(121,17,7,'+14043174092','2014-02-25 00:28:32'),(122,5,7,'+19145526315','2014-02-25 00:28:36'),(123,6,7,'+16467530035','2014-02-25 00:28:36'),(124,13,7,'+16507934020','2014-02-25 00:28:36'),(125,17,7,'+14043174092','2014-02-25 00:28:36'),(126,5,7,'+19145526315','2014-02-25 00:29:51'),(127,6,7,'+16467530035','2014-02-25 00:29:51'),(128,13,7,'+16507934020','2014-02-25 00:29:51'),(129,17,7,'+14043174092','2014-02-25 00:29:51'),(130,5,7,'+19145526315','2014-02-25 00:30:43'),(131,6,7,'+16467530035','2014-02-25 00:30:43'),(132,13,7,'+16507934020','2014-02-25 00:30:43'),(133,17,7,'+14043174092','2014-02-25 00:30:43'),(134,5,7,'+19145526315','2014-02-25 00:31:05'),(135,6,7,'+16467530035','2014-02-25 00:31:05'),(136,13,7,'+16507934020','2014-02-25 00:31:05'),(137,5,7,'+19145526315','2014-02-25 00:34:16'),(138,6,7,'+16467530035','2014-02-25 00:34:16'),(139,13,7,'+16507934020','2014-02-25 00:34:16'),(140,17,7,'+14043174092','2014-02-25 04:01:11'),(141,5,1,'+19145526315','2014-02-25 01:40:18'),(142,5,1,'+19145526315','2014-02-25 01:46:18'),(143,5,1,'+19145526315','2014-02-25 01:53:02'),(144,5,1,'+19145526315','2014-02-25 01:59:02'),(145,1,5,'+19197419597','2014-02-25 02:07:52'),(146,5,1,'+19145526315','2014-02-25 02:08:58'),(147,1,5,'+19197419597','2014-02-25 02:13:18'),(148,5,5,'+19145526315','2014-02-25 02:52:47'),(149,5,1,'+19145526315','2014-02-25 02:53:31'),(150,5,7,'+19145526315','2014-02-25 03:59:28'),(151,6,7,'+16467530035','2014-02-25 03:05:59'),(152,13,7,'+16507934020','2014-02-25 03:05:59'),(153,5,1,'+19145526315','2014-02-25 04:15:53'),(154,5,1,'+19145526315','2014-02-25 04:26:31'),(155,1,5,'+19197419597','2014-02-25 04:43:14'),(156,5,1,'+19145526315','2014-02-25 04:42:50'),(157,6,1,'+16467530035','2014-02-25 04:45:25'),(158,1,5,'+19197419597','2014-02-25 04:46:57'),(159,1,5,'+19197419597','2014-02-25 04:52:08'),(160,5,13,'+19145526315','2014-02-25 04:50:44'),(161,6,13,'+16467530035','2014-02-25 04:50:44'),(162,7,13,'+18166860304','2014-02-25 04:50:44'),(163,7,13,'+18166860304','2014-02-25 04:51:49'),(164,5,1,'+19145526315','2014-02-25 04:57:24'),(165,1,5,'+19197419597','2014-02-25 04:59:03'),(166,4,1,'+16144993676','2014-02-25 05:00:09'),(167,5,1,'+19145526315','2014-02-25 05:00:09'),(168,6,1,'+16467530035','2014-02-25 05:00:09'),(169,1,5,'+19197419597','2014-02-25 05:00:24'),(170,6,5,'+16467530035','2014-02-25 05:00:24'),(171,5,13,'+19145526315','2014-02-25 15:24:09'),(172,6,13,'+16467530035','2014-02-25 15:24:09'),(173,7,13,'+18166860304','2014-02-25 20:07:05'),(174,1,5,'+19197419597','2014-02-25 15:58:51'),(175,4,5,'+16144993676','2014-02-25 15:52:23'),(176,13,5,'+16507934020','2014-02-25 15:52:23'),(177,6,5,'+16467530035','2014-02-25 21:08:41'),(178,7,5,'+18166860304','2014-02-25 21:10:41'),(179,13,7,'+16507934020','2014-02-26 03:50:33'),(180,13,7,'+16507934020','2014-02-25 21:33:51'),(181,5,7,'+19145526315','2014-02-25 23:10:06'),(182,4,5,'+16144993676','2014-02-25 23:17:42'),(183,4,5,'+16144993676','2014-02-26 02:09:29'),(184,7,5,'+18166860304','2014-02-26 02:33:12'),(185,5,16,'+19145526315','2014-02-26 02:32:27'),(186,7,6,'+18166860304','2014-02-26 05:01:02'),(187,1,6,'+19197419597','2014-02-26 04:03:19'),(188,5,6,'+19145526315','2014-02-26 04:03:19'),(189,13,6,'+16507934020','2014-02-26 04:03:19'),(190,16,16,'+17325800448','2014-02-26 04:35:41'),(191,16,16,'+17325800448','2014-02-26 04:35:42'),(192,1,5,'+19197419597','2014-02-26 16:50:02'),(193,1,5,'+19197419597','2014-02-26 17:46:15'),(194,5,13,'+19145526315','2014-02-26 18:03:11'),(195,6,13,'+16467530035','2014-02-26 18:19:35'),(196,7,13,'+18166860304','2014-02-26 19:25:02'),(197,5,6,'+19145526315','2014-02-26 18:24:53'),(198,7,6,'+18166860304','2014-02-26 18:24:53'),(199,13,6,'+16507934020','2014-02-26 21:42:11'),(200,5,17,'+19145526315','2014-02-26 19:07:19'),(201,6,17,'+16467530035','2014-02-26 19:07:19'),(202,7,17,'+18166860304','2014-02-26 19:07:19'),(203,17,6,'+14043174092','2014-02-26 19:34:53'),(204,1,5,'+19197419597','2014-02-26 20:32:27'),(205,5,16,'+19145526315','2014-02-26 21:44:30'),(206,5,16,'+19145526315','2014-02-26 21:44:31'),(207,5,7,'+19145526315','2014-02-26 23:35:36'),(208,6,7,'+16467530035','2014-02-26 21:56:45'),(209,13,7,'+16507934020','2014-02-26 21:56:45'),(210,17,7,'+14043174092','2014-02-26 21:56:45'),(211,1,5,'+19197419597','2014-02-26 23:14:15'),(212,14,7,'+19177427979','2014-02-26 23:34:05'),(213,5,7,'+19145526315','2014-02-26 23:35:51'),(214,6,7,'+16467530035','2014-02-26 23:35:51'),(215,13,7,'+16507934020','2014-02-26 23:35:51'),(216,17,7,'+14043174092','2014-02-26 23:35:51'),(217,5,13,'+19145526315','2014-02-26 23:37:08'),(218,6,13,'+16467530035','2014-02-26 23:37:08'),(219,7,13,'+18166860304','2014-02-26 23:37:08'),(220,6,7,'+16467530035','2014-02-26 23:55:33'),(221,13,7,'+16507934020','2014-02-26 23:55:04'),(222,17,7,'+14043174092','2014-02-26 23:55:04'),(223,7,5,'+18166860304','2014-02-26 23:57:17'),(224,5,13,'+19145526315','2014-02-26 23:58:42'),(225,6,13,'+16467530035','2014-02-26 23:58:42'),(226,7,13,'+18166860304','2014-02-27 01:14:15'),(227,18,13,'+15189322427','2014-02-27 00:04:55'),(228,5,16,'+19145526315','2014-02-27 00:14:38'),(229,5,16,'+19145526315','2014-02-27 00:14:39'),(230,13,5,'+16507934020','2014-02-27 00:34:22'),(231,5,13,'+19145526315','2014-02-27 00:35:10'),(232,1,5,'+19197419597','2014-02-27 00:46:32'),(233,1,5,'+19197419597','2014-02-27 01:01:24'),(234,5,7,'+19145526315','2014-02-27 01:16:06'),(235,6,7,'+16467530035','2014-02-27 01:16:57'),(236,13,7,'+16507934020','2014-02-27 01:16:06'),(237,17,7,'+14043174092','2014-02-27 01:16:06'),(238,1,5,'+19197419597','2014-02-27 02:01:35'),(239,6,17,'+16467530035','2014-02-27 02:04:37'),(240,5,7,'+19145526315','2014-02-27 02:37:55'),(241,6,7,'+16467530035','2014-02-27 02:27:11'),(242,13,7,'+16507934020','2014-02-27 03:07:09'),(243,14,7,'+19177427979','2014-02-27 02:27:11'),(244,17,7,'+14043174092','2014-02-27 02:28:40'),(245,1,5,'+19197419597','2014-02-27 03:06:30'),(246,1,5,'+19197419597','2014-02-27 03:57:45'),(247,1,5,'+19197419597','2014-02-27 04:06:05'),(248,1,5,'+19197419597','2014-02-27 05:18:52'),(249,1,5,'+19197419597','2014-02-27 12:40:41'),(250,5,7,'+19145526315','2014-02-27 06:13:52'),(251,13,5,'+16507934020','2014-02-27 20:06:28'),(252,5,7,'+19145526315','2014-02-27 19:12:29'),(253,5,13,'+19145526315','2014-02-27 20:08:04'),(254,6,13,'+16467530035','2014-02-27 20:09:32'),(255,7,13,'+18166860304','2014-02-27 20:18:19'),(256,7,5,'+18166860304','2014-02-27 20:13:22'),(257,7,5,'+18166860304','2014-02-27 20:13:48'),(258,5,7,'+19145526315','2014-02-27 20:18:13'),(259,6,7,'+16467530035','2014-02-27 20:18:13'),(260,5,7,'+19145526315','2014-02-27 20:19:05'),(261,5,7,'+19145526315','2014-02-27 20:19:21'),(262,5,5,'+19145526315','2014-02-27 20:30:43'),(263,5,7,'+19145526315','2014-02-27 20:34:11'),(264,6,7,'+16467530035','2014-02-27 20:34:11'),(265,13,7,'+16507934020','2014-02-27 20:34:11'),(266,17,7,'+14043174092','2014-02-27 20:34:11'),(267,6,7,'+16467530035','2014-02-27 21:09:22'),(268,7,5,'+18166860304','2014-02-27 21:37:42'),(269,5,7,'+19145526315','2014-02-27 21:43:31'),(270,6,19,'+16467530035','2014-02-27 23:34:23');
/*!40000 ALTER TABLE `CONVERSATIONS` ENABLE KEYS */;
UNLOCK TABLES;

--
-- Table structure for table `CONVERSATION_ITEMS`
--

DROP TABLE IF EXISTS `CONVERSATION_ITEMS`;
/*!40101 SET @saved_cs_client     = @@character_set_client */;
/*!40101 SET character_set_client = utf8 */;
CREATE TABLE `CONVERSATION_ITEMS` (
  `id` bigint(20) NOT NULL AUTO_INCREMENT,
  `CONVERSATION_ID` bigint(20) NOT NULL,
  `IMAGE_URL` varchar(254) NOT NULL,
  `IMAGE_TEXT` varchar(254) NOT NULL,
  `TO_USER` bigint(20) NOT NULL,
  `FROM_USER` bigint(20) NOT NULL,
  `IS_VIEWED` tinyint(1) NOT NULL DEFAULT '0',
  `CREATED_DATE` timestamp NOT NULL DEFAULT CURRENT_TIMESTAMP ON UPDATE CURRENT_TIMESTAMP,
  `TO_USER_DELETE` tinyint(1) NOT NULL DEFAULT '0',
  `FROM_USER_DELETE` tinyint(1) NOT NULL DEFAULT '0',
  PRIMARY KEY (`id`),
  KEY `TO_CONV_USER_FK` (`TO_USER`),
  KEY `FROM_CONV_USER_FK` (`FROM_USER`),
  KEY `CONVERSATION_FK` (`CONVERSATION_ID`),
  CONSTRAINT `CONVERSATION_FK` FOREIGN KEY (`CONVERSATION_ID`) REFERENCES `CONVERSATIONS` (`id`) ON DELETE NO ACTION ON UPDATE NO ACTION,
  CONSTRAINT `FROM_CONV_USER_FK` FOREIGN KEY (`FROM_USER`) REFERENCES `USERS` (`ID`) ON DELETE NO ACTION ON UPDATE NO ACTION,
  CONSTRAINT `TO_CONV_USER_FK` FOREIGN KEY (`TO_USER`) REFERENCES `USERS` (`ID`) ON DELETE NO ACTION ON UPDATE NO ACTION
) ENGINE=InnoDB AUTO_INCREMENT=402 DEFAULT CHARSET=latin1;
/*!40101 SET character_set_client = @saved_cs_client */;

--
-- Dumping data for table `CONVERSATION_ITEMS`
--

LOCK TABLES `CONVERSATION_ITEMS` WRITE;
/*!40000 ALTER TABLE `CONVERSATION_ITEMS` DISABLE KEYS */;
INSERT INTO `CONVERSATION_ITEMS` VALUES (1,1,'1/00D8231F87B424A08602F7EE2ADBB739','',4,1,1,'2014-02-22 17:20:19',0,0),(2,2,'1/C864101D0EE1CD6D7FEBEC8B871D28F4','',5,1,1,'2014-02-22 18:03:51',1,0),(3,3,'5/0C74BDA2049DAC6D1A037996130140F7','Push test - prosecution cert - new conversation',1,5,1,'2014-02-22 17:39:59',0,1),(4,4,'5/0C74BDA2049DAC6D1A037996130140F7','Push test - prosecution cert - new conversation',4,5,1,'2014-02-22 17:37:44',0,1),(5,5,'6/938DE252A57AE17C6A5FF86C70E87444','',1,6,1,'2014-02-24 21:20:57',0,1),(6,6,'6/938DE252A57AE17C6A5FF86C70E87444','',5,6,1,'2014-02-24 21:37:15',1,1),(7,5,'5/873C2E2D393BA0AF2BA51925DB7939F0','Nom',6,1,1,'2014-02-24 21:20:57',1,0),(8,1,'1/110D7BDD3EE3430C7733B5E83CE15A0F','',4,1,1,'2014-02-22 17:47:32',0,0),(9,1,'1/2DBACC6886D818262917E546D21AD176','',4,1,1,'2014-02-22 19:42:02',0,0),(10,7,'5/FC92958BEA2F4805A0C61810937B3F70','Test push',1,5,1,'2014-02-23 05:37:54',0,1),(11,8,'1/35879956B792763BBF87BE1BF0037C63','',5,1,1,'2014-02-22 17:57:39',1,0),(12,9,'1/620369A5E210B7D5C53428DB78D3D007','',5,1,1,'2014-02-22 17:57:41',1,0),(13,9,'9/7AEFCD34528B3D148F7E5CF5FAF7F703','',5,1,1,'2014-02-22 17:57:41',1,0),(14,9,'9/D1AD811760267BE16C8F073D546B690A','',5,1,1,'2014-02-22 17:57:41',1,0),(15,10,'6/66FC0823F19B15E7BA4BD2224B6674B9','Please reply to test push notifications ',1,6,1,'2014-02-24 21:20:45',0,1),(16,11,'6/66FC0823F19B15E7BA4BD2224B6674B9','Please reply to test push notifications ',5,6,1,'2014-02-24 21:20:56',1,1),(17,11,'11/B70B2EB041E5130ECA7D61469C30EA33','Push it push it',6,5,1,'2014-02-24 21:20:56',1,1),(18,11,'11/E3EF69146FE86FC175DEC8A09B502040','Didn\'t get a push',5,6,1,'2014-02-24 21:20:56',1,1),(19,11,'11/2489CA31EF19A188ABE4CC96E986F389','Your app has to be closed. Working on it while it\'s open',6,5,1,'2014-02-24 21:20:56',1,1),(20,12,'5/FA3A2964F724D68AFF4ABC10B2B70FA2','',5,5,0,'2014-02-22 18:06:41',0,1),(21,11,'11/E02C323D3ECCE82FE198C81E419FDF01','It was closed',5,6,1,'2014-02-24 21:20:56',1,1),(22,13,'7/7D713A7FD93D0BFCD979DE99959981D6','',7,7,0,'2014-02-24 21:24:13',0,1),(23,14,'13/9BDE97392D325A34D20006148FBFAFD8','I\'m anonymous!!!',5,13,1,'2014-02-24 21:37:14',1,0),(24,15,'13/9BDE97392D325A34D20006148FBFAFD8','I\'m anonymous!!!',6,13,1,'2014-02-24 21:20:55',1,0),(25,16,'13/9BDE97392D325A34D20006148FBFAFD8','I\'m anonymous!!!',7,13,1,'2014-02-24 21:24:11',1,0),(26,15,'15/593B5379619337B5B367A7EFF15F1292','Grandma??????',13,6,1,'2014-02-24 21:20:55',0,1),(27,17,'1/7CA1A70785759DAE726E20530717DDC9','',5,1,1,'2014-02-24 21:37:13',1,0),(28,18,'5/5F674011BC66CF7F874ECCDEB9D7B184','',5,5,0,'2014-02-22 18:37:15',0,1),(29,18,'18/5B451EA52633F7C8E6474BBD9E9936D7','',5,5,0,'2014-02-22 18:37:17',0,1),(30,19,'5/5A058DF76F1C70D30CF79992111F0A63','????????',5,5,0,'2014-02-22 19:35:24',0,1),(31,20,'5/839FF8ED841EF200A4B65AB61E7F2B90','\\ud83d\\ude19\\ud83d\\ude0a',5,5,0,'2014-02-22 19:36:37',0,1),(32,21,'7/C6B9EBDF78F201D52E984B3BF570E8FE','',5,7,1,'2014-02-24 21:24:07',1,1),(33,22,'7/C6B9EBDF78F201D52E984B3BF570E8FE','',6,7,1,'2014-02-24 21:24:06',1,1),(34,23,'7/C6B9EBDF78F201D52E984B3BF570E8FE','',13,7,1,'2014-02-24 21:24:09',0,1),(35,24,'7/27B594E044EC8D4E8A83BFD8879DD7EB','sushi COME DOWN',5,7,1,'2014-02-24 21:37:12',1,1),(36,25,'7/27B594E044EC8D4E8A83BFD8879DD7EB','sushi COME DOWN',6,7,1,'2014-02-24 21:24:05',1,1),(37,26,'7/27B594E044EC8D4E8A83BFD8879DD7EB','sushi COME DOWN',13,7,1,'2014-02-24 21:23:55',0,1),(38,24,'24/497058C2D9D41268ECA442D64D0A78B2','Sushi!!!',7,5,1,'2014-02-24 21:37:12',1,1),(39,27,'5/8D7DF30F347B792ABE3A3CBC457B9D45','Test - please reply',4,5,1,'2014-02-24 21:37:11',0,1),(40,28,'5/8D7DF30F347B792ABE3A3CBC457B9D45','Test - please reply',6,5,1,'2014-02-24 21:37:10',1,1),(41,29,'5/8D7DF30F347B792ABE3A3CBC457B9D45','Test - please reply',7,5,1,'2014-02-24 21:37:09',1,1),(42,28,'28/778435F4F325E9AD41E0E9C2B56D8C98','Replying ',5,6,1,'2014-02-24 21:37:10',1,1),(43,28,'28/8774B44CFE50226E7659C3B899965766','Thanks',6,5,1,'2014-02-24 21:37:10',1,1),(44,28,'28/B209CCDE2571C341C9774B7AD359627F','You\'re welcome',5,6,1,'2014-02-24 21:37:10',1,1),(45,29,'29/E7B2EFDA8E7AA780DC4E5250BB51BC05','this is not a test',5,7,1,'2014-02-24 21:37:09',1,1),(46,30,'6/2A3BF106919782A2F911DD707155A994','',1,6,1,'2014-02-24 21:20:49',0,1),(47,31,'6/2A3BF106919782A2F911DD707155A994','',5,6,1,'2014-02-24 21:37:08',1,1),(48,32,'6/2A3BF106919782A2F911DD707155A994','',7,6,1,'2014-02-24 21:24:01',1,1),(49,33,'6/2A3BF106919782A2F911DD707155A994','',13,6,1,'2014-02-24 21:20:50',0,1),(50,32,'32/6D3BAA79BF6A37A38285896712350477','',6,7,1,'2014-02-24 21:24:01',1,1),(51,31,'31/BEA2905CFCA8028BBE9DD1F3BF2341A1','',6,5,1,'2014-02-24 21:20:47',1,1),(52,34,'7/1FD394ECB2F43501D09BABAAC4C71BDB','sundae on a saturday',5,7,1,'2014-02-24 21:37:07',1,1),(53,35,'7/1FD394ECB2F43501D09BABAAC4C71BDB','sundae on a saturday',6,7,1,'2014-02-24 21:23:57',1,1),(54,36,'7/1FD394ECB2F43501D09BABAAC4C71BDB','sundae on a saturday',13,7,1,'2014-02-24 21:23:59',0,1),(55,10,'10/A0A30F142825F6D1EB6BF741F4EDCD2A','',6,1,1,'2014-02-24 21:20:45',1,0),(56,37,'5/951CA94F1B572DCFC4A0555707395DC5','Trying to be healthy tonight',1,5,1,'2014-02-24 21:37:03',0,1),(57,38,'5/951CA94F1B572DCFC4A0555707395DC5','Trying to be healthy tonight',4,5,1,'2014-02-24 23:58:39',0,1),(58,39,'5/951CA94F1B572DCFC4A0555707395DC5','Trying to be healthy tonight',7,5,1,'2014-02-24 21:37:04',1,1),(59,40,'5/951CA94F1B572DCFC4A0555707395DC5','Trying to be healthy tonight',13,5,1,'2014-02-24 21:37:05',0,1),(60,40,'40/AFA1A821245B31B11ECA17F4226A5771','Show me the money!!!',5,13,1,'2014-02-24 21:37:05',1,0),(61,26,'26/E8398734402978B59A634827AF8222DD','Give me you sushi bitch. ',7,13,1,'2014-02-24 21:23:55',1,0),(62,39,'39/6D059DE80C032B7563042A190685F663','bahdumz uph',5,7,1,'2014-02-24 21:37:04',1,1),(63,37,'37/5C06A634D444E46EFB4E5FD42586C4BD','',5,1,1,'2014-02-24 21:37:03',1,0),(64,41,'13/A39BB077B4275E0AF489C5DEA0460F2C','Pi\\361ata time ',5,13,1,'2014-02-24 21:37:01',1,0),(65,42,'13/A39BB077B4275E0AF489C5DEA0460F2C','Pi\\361ata time ',6,13,1,'2014-02-24 21:20:44',1,0),(66,43,'13/A39BB077B4275E0AF489C5DEA0460F2C','Pi\\361ata time ',7,13,1,'2014-02-24 21:23:52',1,0),(67,43,'43/C9E2F336D8D616BE3C300B5857AA41EC','',13,7,1,'2014-02-24 21:23:52',0,1),(68,44,'5/83EB8FE8934A0DC7C80EAB9DFBBD0F4A','\\ud83d\\ude4a\\ud83d\\udcb5',6,5,1,'2014-02-24 21:37:00',1,1),(69,43,'43/1E5F88943E04F008DA46B771733559D4','Techcrunch is running out of article ideas ',7,13,1,'2014-02-24 21:23:52',1,0),(70,43,'43/0E64BF06B51FA139D97974AB6E957591','haha',13,7,1,'2014-02-24 21:23:52',0,1),(71,44,'44/BCFB645A81EEF5FDB91819B9873DEC1F','\\ud83d\\udc4e\\ud83d\\udcb8',5,6,1,'2014-02-24 21:37:00',1,1),(72,45,'14/07C0FE357D5178DCC8C4E0FAA8C2EF11','',7,14,1,'2014-02-25 04:46:50',1,1),(73,46,'14/07C0FE357D5178DCC8C4E0FAA8C2EF11','',15,14,0,'2014-02-25 04:46:46',0,1),(74,47,'13/B3974A3638A6C83218C58FBDEC4197DF','Juicing up ',5,13,1,'2014-02-24 00:15:50',1,0),(75,48,'13/B3974A3638A6C83218C58FBDEC4197DF','Juicing up ',6,13,1,'2014-02-24 21:20:42',1,0),(76,49,'13/B3974A3638A6C83218C58FBDEC4197DF','Juicing up ',7,13,1,'2014-02-24 21:23:48',1,0),(77,48,'48/C84487565BA29189A372A16CD4D7CFAD','Me too',13,6,1,'2014-02-24 21:20:42',0,1),(78,48,'48/5788647EFC7BA9E629800BBB74224ACF','Me too',13,6,1,'2014-02-23 22:49:41',0,1),(79,48,'48/4FDC2DD42ADA93C80CC6E46794AFDC23','Me too',13,6,1,'2014-02-23 22:49:39',0,1),(80,50,'7/A303A4CC4FE08A6A802D8AA3E0ECACAE','Greetings from Whiterun',5,7,1,'2014-02-24 21:36:57',1,1),(81,51,'7/A303A4CC4FE08A6A802D8AA3E0ECACAE','Greetings from Whiterun',6,7,1,'2014-02-24 21:20:40',1,1),(82,52,'7/A303A4CC4FE08A6A802D8AA3E0ECACAE','Greetings from Whiterun',13,7,1,'2014-02-24 21:23:49',0,1),(83,49,'49/C6F35BEFDDF92518E3D8DAE53F052E39','sprouting up!',13,7,1,'2014-02-24 21:23:48',0,1),(84,53,'14/C2CF3CD8BFACAC0AE2C24C9E20F74316','\\ud83d\\udc39\\ud83d\\udc39\\ud83d\\udc39\\ud83d\\udc39\\ud83d\\udc39\\ud83d\\udc39\\ud83d\\udc27\\ud83d\\udc27\\ud83d\\udc27',7,14,1,'2014-02-24 21:23:47',1,0),(85,54,'7/C158FC12612C81E813BB7F4EC3C19B0B','Eddie\'s twice in a row \\ud83c\\udf67',5,7,1,'2014-02-24 21:36:56',1,1),(86,55,'7/C158FC12612C81E813BB7F4EC3C19B0B','Eddie\'s twice in a row \\ud83c\\udf67',6,7,1,'2014-02-24 21:23:42',1,1),(87,56,'7/C158FC12612C81E813BB7F4EC3C19B0B','Eddie\'s twice in a row \\ud83c\\udf67',13,7,1,'2014-02-24 21:23:43',0,1),(88,57,'7/C158FC12612C81E813BB7F4EC3C19B0B','Eddie\'s twice in a row \\ud83c\\udf67',14,7,1,'2014-02-24 21:23:45',0,1),(89,54,'54/E8392F665F619CF142D3B52431B20B1F','Haha nice',7,5,1,'2014-02-24 21:23:41',1,1),(90,58,'7/E0F974ACA354CD95653BD6864FC2954F','\\ud83c\\udf54\\ud83c\\udf5f',5,7,1,'2014-02-24 21:36:56',1,1),(91,59,'7/E0F974ACA354CD95653BD6864FC2954F','\\ud83c\\udf54\\ud83c\\udf5f',6,7,1,'2014-02-24 21:23:39',1,1),(92,60,'7/E0F974ACA354CD95653BD6864FC2954F','\\ud83c\\udf54\\ud83c\\udf5f',13,7,1,'2014-02-24 02:37:24',0,1),(93,61,'7/E0F974ACA354CD95653BD6864FC2954F','\\ud83c\\udf54\\ud83c\\udf5f',14,7,1,'2014-02-24 21:23:37',0,1),(94,61,'61/6BF5AD9C574A7401CC791390736CE9DD','Just a reply test \\ud83d\\ude01\\ud83d\\ude23',7,14,1,'2014-02-24 21:23:37',1,0),(95,47,'47/2F8B9B40CAA8E20DC94EE3BF93DB8545','',13,5,1,'2014-02-24 02:22:40',0,1),(96,62,'7/A920D7EECAE0F2D4C964F81A48842F87','y\'all ready for this?! \\ud83c\\udfae',5,7,1,'2014-02-24 21:36:55',1,1),(97,63,'7/A920D7EECAE0F2D4C964F81A48842F87','y\'all ready for this?! \\ud83c\\udfae',6,7,1,'2014-02-24 21:23:35',1,1),(98,64,'7/A920D7EECAE0F2D4C964F81A48842F87','y\'all ready for this?! \\ud83c\\udfae',13,7,1,'2014-02-24 21:23:24',0,1),(99,64,'64/B11C0564AB3C26FADFB47EB573FB7272','reply test',13,7,1,'2014-02-24 21:23:24',0,1),(100,65,'7/F5D65B4DCF55305D073AF1E7C1BC4082','\\ud83d\\udcdd\\ud83d\\udcec\\ud83d\\udcee\\ud83d\\udce6 v9 test',5,7,1,'2014-02-24 21:23:27',1,1),(101,66,'7/F5D65B4DCF55305D073AF1E7C1BC4082','\\ud83d\\udcdd\\ud83d\\udcec\\ud83d\\udcee\\ud83d\\udce6 v9 test',6,7,1,'2014-02-24 21:23:23',1,1),(102,67,'7/F5D65B4DCF55305D073AF1E7C1BC4082','\\ud83d\\udcdd\\ud83d\\udcec\\ud83d\\udcee\\ud83d\\udce6 v9 test',13,7,1,'2014-02-24 21:23:26',0,1),(103,68,'7/F5D65B4DCF55305D073AF1E7C1BC4082','\\ud83d\\udcdd\\ud83d\\udcec\\ud83d\\udcee\\ud83d\\udce6 v9 test',14,7,1,'2014-02-24 13:28:36',0,0),(104,64,'64/888EAD0F298757A8B8E6E3345D9672EB','Old cigar box',7,13,1,'2014-02-24 21:23:24',1,0),(105,66,'66/E145D0AB414DB81BD63D797B065F1350','Sweet carpet! \\ud83c\\udf46',7,6,1,'2014-02-24 21:23:23',1,1),(106,68,'68/F15A28AB46A3FCB9892AC5B5AB175571','Last night\'s treat...test',7,14,1,'2014-02-24 22:19:40',1,0),(107,69,'14/DC3A6F01B85111172E2EF94CCD508B99','\\ud83c\\udf70\\ud83c\\udf70nom nom nom\\ud83c\\udf70\\ud83c\\udf70',7,14,1,'2014-02-24 21:23:22',1,0),(108,70,'1/73A31B24EA1AA5035674ABD3167E9A00','',4,1,1,'2014-02-24 23:58:34',0,0),(109,71,'6/EA03FCABFF19F5554260DE53F0F33818','But they\'re cute',5,6,1,'2014-02-24 21:36:54',1,1),(110,72,'6/EA03FCABFF19F5554260DE53F0F33818','But they\'re cute',7,6,1,'2014-02-24 21:23:19',1,1),(111,73,'6/EA03FCABFF19F5554260DE53F0F33818','But they\'re cute',13,6,1,'2014-02-24 21:20:33',0,1),(112,68,'68/3FDD4BB16EB0E05EAC6B4C75130B8593','',14,7,1,'2014-02-24 18:37:40',0,0),(113,74,'7/DE6C67B871156098C1BA419B9FC46DF6','test v9 original',5,7,1,'2014-02-24 21:23:03',1,1),(114,74,'74/FA2FB2B41291B4DDECC2E3CB050A597A','',7,5,1,'2014-02-24 21:23:03',1,1),(115,74,'74/AB5C82AF105DF51D507BA88658661BBC','',7,5,1,'2014-02-24 21:23:03',1,1),(116,74,'74/4AE719420012CA64C05F845FE7955B59','',7,5,1,'2014-02-24 21:23:03',1,1),(117,74,'74/A7216F24E00EF5226997E9A906D26FC1','',7,5,1,'2014-02-24 21:23:03',1,1),(118,75,'5/CE824F04174618E0F78FEBCB26127EAB','',7,5,1,'2014-02-24 21:22:35',1,1),(119,76,'5/98B1B461FD98AD1F001B5E4BAEC349A8','',7,5,1,'2014-02-24 21:22:32',1,1),(120,77,'5/F1361F0B75D9B757597DFFD9E32BF27F','',7,5,1,'2014-02-24 21:22:31',1,1),(121,78,'16/D679C30A01722CF72700917BC1E51E85','Need a refill... ',5,16,1,'2014-02-24 21:36:53',1,0),(122,79,'5/E951E9EA91CC9E14642C7ADD49CF8FB5','Mmm',1,5,1,'2014-02-24 22:45:48',0,1),(123,80,'5/E951E9EA91CC9E14642C7ADD49CF8FB5','Mmm',6,5,1,'2014-02-24 21:20:31',1,1),(124,81,'5/E951E9EA91CC9E14642C7ADD49CF8FB5','Mmm',7,5,1,'2014-02-24 21:22:30',1,1),(125,82,'5/E951E9EA91CC9E14642C7ADD49CF8FB5','Mmm',13,5,1,'2014-02-24 20:48:57',0,1),(126,83,'5/D091E9EBC2775A03A711B2404A70820B','122k',7,5,1,'2014-02-24 22:19:31',1,1),(127,83,'83/830E5C5FB5DB3E70167554572A1FB679','153k',7,5,1,'2014-02-24 22:19:31',1,1),(128,84,'7/1112C23A3620C9C22BD8F8E7D6D0FCB3','quinoa with black beans!',14,7,1,'2014-02-25 04:44:55',0,0),(129,83,'83/813D13140B73BFA7C9B78B47AA2EDA0E','512k',7,5,1,'2014-02-24 22:19:31',1,1),(130,83,'83/B77AD5699447EBA99DAF89CCAAEA6DAC','143k',7,5,1,'2014-02-24 22:19:31',1,1),(131,83,'83/B107994D6663B37861E9FEC63AB98757','143k',7,5,1,'2014-02-24 22:19:31',1,1),(132,83,'83/4272B05DC09BF798CC444C7DD07BA182','122k',7,5,1,'2014-02-24 22:19:31',1,1),(133,83,'83/88CA3E40BF6D49B8CA25C114FC9CF802','134k',7,5,1,'2014-02-24 22:19:31',1,1),(134,83,'83/BB3CB79C11B4DC80009FD87D74BA4515','134k',7,5,1,'2014-02-24 22:19:31',1,1),(135,83,'83/57AF9ACD5EDE7053C7C2DCFB58FC4296','134k @ .075',7,5,1,'2014-02-24 22:19:31',1,1),(136,85,'5/8BBE0AE774A2765F3BE22C87377352D7','FAST BAGEL',6,5,1,'2014-02-24 21:20:30',1,1),(137,86,'5/8BBE0AE774A2765F3BE22C87377352D7','FAST BAGEL',7,5,1,'2014-02-24 21:18:24',0,1),(138,87,'6/30829CF7BD003B5D19328275046B26A7','Philip did not take this photo. ',5,6,1,'2014-02-24 21:36:49',1,0),(139,88,'6/30829CF7BD003B5D19328275046B26A7','Philip did not take this photo. ',7,6,1,'2014-02-24 21:25:22',0,0),(140,89,'7/7D13FA185035B8BC40C7BEE9B14276A9','I got u a bagel Paul',13,7,1,'2014-02-24 22:46:21',0,0),(141,90,'5/319E0F1B487EE470D0E5A4101552952D','',1,5,1,'2014-02-25 22:45:59',0,1),(142,91,'5/319E0F1B487EE470D0E5A4101552952D','',17,5,1,'2014-02-25 22:46:01',0,1),(143,92,'5/71DA8EB53A10E68A0F44EA55217D5BA3','',6,5,1,'2014-02-24 22:17:44',0,0),(144,93,'7/A009CCAF906CF9BD059D969AD683E88A','fast bagel \\ud83c\\udf55',6,7,1,'2014-02-24 22:18:15',0,0),(145,93,'93/15BDD5AACD22F8C11B80815DDF31D658','FAST USB DRIVE \\ud83d\\udcbe',7,6,1,'2014-02-24 22:20:24',0,0),(146,94,'6/170CC1C2B47EA45AF1373452645BF77D','FAST YOGA CATS \\ud83d\\udc08',5,6,1,'2014-02-25 05:03:08',1,0),(147,95,'6/170CC1C2B47EA45AF1373452645BF77D','FAST YOGA CATS \\ud83d\\udc08',7,6,1,'2014-02-24 22:22:15',0,0),(148,96,'6/170CC1C2B47EA45AF1373452645BF77D','FAST YOGA CATS \\ud83d\\udc08',17,6,1,'2014-02-25 03:32:10',0,0),(149,97,'7/3A52846ACF7A2197DA1E84A4160B43E0','',17,7,1,'2014-02-25 03:32:13',0,0),(150,98,'6/878422602FDB4637E99A87EE92D3F645','Fun at work',13,6,1,'2014-02-24 22:46:26',0,0),(151,99,'6/878422602FDB4637E99A87EE92D3F645','Fun at work',17,6,1,'2014-02-24 23:13:54',0,0),(152,100,'7/C3CA93702568B83055AD54936078D8ED','mariokart COME DOWN',5,7,1,'2014-02-24 22:38:49',0,0),(153,101,'5/C530CEA757591BB501F80A556FAE8681','Woo!',1,5,1,'2014-02-24 22:49:32',0,1),(154,102,'5/C530CEA757591BB501F80A556FAE8681','Woo!',4,5,1,'2014-02-24 23:58:58',0,1),(155,103,'5/C530CEA757591BB501F80A556FAE8681','Woo!',6,5,1,'2014-02-24 22:49:35',0,1),(156,104,'5/C530CEA757591BB501F80A556FAE8681','Woo!',7,5,1,'2014-02-24 22:57:11',0,1),(157,105,'5/C530CEA757591BB501F80A556FAE8681','Woo!',13,5,1,'2014-02-24 22:49:29',0,1),(158,106,'5/C530CEA757591BB501F80A556FAE8681','Woo!',16,5,1,'2014-02-26 02:30:50',0,1),(159,107,'1/5CAE876B6C8246BBE9B7B971C29E683E','Octocat',5,1,1,'2014-02-25 00:35:18',1,0),(160,108,'1/95B5E114CBA2315A97F02A066048EB88','Come on',4,1,1,'2014-02-25 23:18:12',0,0),(161,109,'1/95B5E114CBA2315A97F02A066048EB88','Come on',5,1,1,'2014-02-25 00:35:15',1,0),(162,110,'7/82553E96D36787B7BDC803866688E600','Flappy bird is in MarioKart?!',5,7,1,'2014-02-25 00:35:13',1,1),(163,111,'7/82553E96D36787B7BDC803866688E600','Flappy bird is in MarioKart?!',6,7,1,'2014-02-25 00:44:22',0,1),(164,112,'7/82553E96D36787B7BDC803866688E600','Flappy bird is in MarioKart?!',13,7,1,'2014-02-25 03:19:58',0,1),(165,113,'7/82553E96D36787B7BDC803866688E600','Flappy bird is in MarioKart?!',17,7,1,'2014-02-25 03:32:21',0,1),(166,114,'7/945DAF4FF4F23725AC7DFB07B4881E3A','Flappy bird is in MarioKart?!',5,7,1,'2014-02-25 00:35:10',1,1),(167,115,'7/945DAF4FF4F23725AC7DFB07B4881E3A','Flappy bird is in MarioKart?!',6,7,1,'2014-02-25 00:44:15',1,1),(168,116,'7/945DAF4FF4F23725AC7DFB07B4881E3A','Flappy bird is in MarioKart?!',13,7,1,'2014-02-25 03:20:08',0,1),(169,117,'7/945DAF4FF4F23725AC7DFB07B4881E3A','Flappy bird is in MarioKart?!',17,7,1,'2014-02-25 03:32:25',0,1),(170,118,'7/358E3F2E5C6EB7A7C6EAE720DA1D2059','Flappy bird is in MarioKart?!',5,7,1,'2014-02-25 00:35:19',1,1),(171,119,'7/358E3F2E5C6EB7A7C6EAE720DA1D2059','Flappy bird is in MarioKart?!',6,7,1,'2014-02-25 00:44:12',1,1),(172,120,'7/358E3F2E5C6EB7A7C6EAE720DA1D2059','Flappy bird is in MarioKart?!',13,7,1,'2014-02-25 21:32:43',0,1),(173,121,'7/358E3F2E5C6EB7A7C6EAE720DA1D2059','Flappy bird is in MarioKart?!',17,7,1,'2014-02-25 03:32:31',0,1),(174,122,'7/F66B8ED2100EC31ADD3BC871E55B94B9','Flappy bird is in MarioKart?!',5,7,1,'2014-02-25 00:35:39',1,1),(175,123,'7/F66B8ED2100EC31ADD3BC871E55B94B9','Flappy bird is in MarioKart?!',6,7,1,'2014-02-25 00:44:03',1,1),(176,124,'7/F66B8ED2100EC31ADD3BC871E55B94B9','Flappy bird is in MarioKart?!',13,7,1,'2014-02-25 04:50:13',0,1),(177,125,'7/F66B8ED2100EC31ADD3BC871E55B94B9','Flappy bird is in MarioKart?!',17,7,1,'2014-02-25 03:32:02',0,1),(178,126,'7/C674AE5E87BF36CCB987FB0398C58EC3','Flappy bird is in MarioKart?!',5,7,1,'2014-02-25 00:35:56',1,1),(179,127,'7/C674AE5E87BF36CCB987FB0398C58EC3','Flappy bird is in MarioKart?!',6,7,1,'2014-02-25 00:44:01',1,1),(180,128,'7/C674AE5E87BF36CCB987FB0398C58EC3','Flappy bird is in MarioKart?!',13,7,1,'2014-02-25 04:50:09',0,1),(181,129,'7/C674AE5E87BF36CCB987FB0398C58EC3','Flappy bird is in MarioKart?!',17,7,1,'2014-02-25 03:31:58',0,1),(182,130,'7/7E04032EEA33FDCFC821E139D5924F98','Flappy bird is in MarioKart?!',5,7,1,'2014-02-25 00:36:02',1,1),(183,131,'7/7E04032EEA33FDCFC821E139D5924F98','Flappy bird is in MarioKart?!',6,7,1,'2014-02-25 00:43:58',1,1),(184,132,'7/7E04032EEA33FDCFC821E139D5924F98','Flappy bird is in MarioKart?!',13,7,1,'2014-02-25 04:50:05',0,1),(185,133,'7/7E04032EEA33FDCFC821E139D5924F98','Flappy bird is in MarioKart?!',17,7,1,'2014-02-25 03:31:53',0,1),(186,134,'7/286688D2AD4E9463C3BFD88E743CD6CB','Flappy bird is in MarioKart?!',5,7,1,'2014-02-25 00:36:25',1,1),(187,135,'7/286688D2AD4E9463C3BFD88E743CD6CB','Flappy bird is in MarioKart?!',6,7,1,'2014-02-25 00:43:56',1,1),(188,136,'7/286688D2AD4E9463C3BFD88E743CD6CB','Flappy bird is in MarioKart?!',13,7,1,'2014-02-25 04:49:53',0,1),(189,137,'7/3E4A35E0BF939882CA897425C144A1E0','Flappy bird is in MarioKart?!',5,7,1,'2014-02-25 00:36:33',1,1),(190,138,'7/3E4A35E0BF939882CA897425C144A1E0','Flappy bird is in MarioKart?!',6,7,1,'2014-02-25 00:43:55',1,1),(191,139,'7/3E4A35E0BF939882CA897425C144A1E0','Flappy bird is in MarioKart?!',13,7,1,'2014-02-25 04:49:48',0,1),(192,140,'7/3E4A35E0BF939882CA897425C144A1E0','Flappy bird is in MarioKart?!',17,7,1,'2014-02-25 03:31:47',0,1),(193,104,'104/5B5EEEA262DA67ED812349AA38A36EAF','',5,7,1,'2014-02-25 01:50:51',1,0),(194,141,'1/F5FE22229BE2E5BD895BA38AE671FE80','',5,1,1,'2014-02-25 01:50:42',1,0),(195,142,'1/55D3DE3D0A4D5640C11F71C1F73FF36A','',5,1,1,'2014-02-25 01:50:45',1,0),(196,143,'1/53E2BC4BBD52844C088E3BB624C1A626','',5,1,1,'2014-02-25 02:06:26',1,0),(197,144,'1/1384A0D025E6541C537116EE8A79A812','',5,1,1,'2014-02-25 02:06:25',1,0),(198,145,'5/4D49F7948C4DE5940A1D9E02171D07E6','',1,5,0,'2014-02-25 02:08:20',0,1),(199,146,'1/B8E7EC4405CF4F1259568B49CA05A399','',5,1,1,'2014-02-25 02:10:13',1,0),(200,147,'5/ED78AF04B7B1D77C6B9A7975B891AD21','',1,5,1,'2014-02-25 02:53:14',0,1),(201,148,'5/8EE81F1020C6A2383B4C0729DAF3DD2C','',5,5,0,'2014-02-25 02:52:59',0,1),(202,149,'1/E7D374F0A2E8C680655999C0B83E4BE6','',5,1,1,'2014-02-25 03:46:55',1,0),(203,150,'7/2083B2D186A3103799203316F2303276','cookehs',5,7,1,'2014-02-25 03:46:57',0,0),(204,151,'7/2083B2D186A3103799203316F2303276','cookehs',6,7,1,'2014-02-25 03:06:20',0,0),(205,152,'7/2083B2D186A3103799203316F2303276','cookehs',13,7,1,'2014-02-25 04:49:44',0,0),(206,150,'150/ADA5EE88C2CF1CB087ED71D21247C49A','Those look good... Real good',7,5,1,'2014-02-25 15:17:21',0,0),(207,140,'140/9797782EF391AEB74E42D7680CBF1B10','At party!',7,17,1,'2014-02-25 15:17:03',0,0),(208,153,'1/001686F72293C01B9F4EDF42A277ACE5','Sneeky \'s rack',5,1,1,'2014-02-25 04:19:04',0,0),(209,154,'1/FDFF186187BD028ED5F7E2966B8B0A85','Fu?',5,1,1,'2014-02-25 04:43:57',1,0),(210,154,'154/35FA4A2155FB4D415106F054C3DFDD6C','Reply',1,5,1,'2014-02-25 04:43:57',0,1),(211,154,'154/D96ACF8A275F30062E71EC3D8C330F24','Wish it was warm enough',5,1,1,'2014-02-25 04:43:57',1,0),(212,154,'154/9F00A7D26AECD35AA63AC0FD323AEFAF','Reply try 2',1,5,0,'2014-02-25 04:43:57',0,1),(213,155,'5/5C9259B984A1F598610555387442F6D2','Start con  message 1',1,5,1,'2014-02-25 04:43:55',0,1),(214,155,'155/9B2B7476E942911702C390A07A5E4CCF','',5,1,1,'2014-02-25 04:43:55',1,0),(215,155,'155/E41AACDCA3E5E7C170E9DBD106F190F8','',5,1,1,'2014-02-25 04:43:55',1,0),(216,156,'1/378F349D5595875AF2839A442679C5D5','',5,1,1,'2014-02-25 04:43:56',1,0),(217,116,'116/A5BD7D3ADA097A8F4285437C501B9D90','Trying to ikea',7,13,1,'2014-02-25 15:16:50',0,0),(218,156,'156/E24E2703E767C018D8D9206C2D0D09A4','Reply push',1,5,1,'2014-02-25 20:24:01',0,1),(219,155,'155/05CF0DB6D46B9CF2CD85AB93507B2044','',1,5,1,'2014-02-25 04:48:09',0,1),(220,94,'94/23F3ED2E6E81C769EAC6874D9D4601FE','Fat cat yoga',6,5,1,'2014-02-25 05:03:08',0,1),(221,157,'1/A88B0F93F9502AE1863330847E1C5822','You know you want to. Are your push notifications working? Reply and see.',6,1,1,'2014-02-25 04:58:42',0,0),(222,158,'5/D44D30F28EBF0098E2294E4D7E687424','Test new conv',1,5,1,'2014-02-25 05:03:04',0,1),(223,158,'158/F914B70DE93E344A172B291D61DB8DD2','Flipping sweet',5,1,1,'2014-02-25 04:47:46',0,0),(224,159,'5/E2F1454D9B7EA4572CCB74688B8EB4CF','',1,5,1,'2014-02-25 05:02:50',0,1),(225,159,'159/C984B069BA2350A93DF301FE9373287B','',5,1,1,'2014-02-25 05:02:50',1,0),(226,160,'13/60415EEC8406A4A39FF3EE9506DED20E','Ikea jungle',5,13,1,'2014-02-25 04:50:59',0,0),(227,161,'13/60415EEC8406A4A39FF3EE9506DED20E','Ikea jungle',6,13,1,'2014-02-25 04:58:38',0,0),(228,162,'13/60415EEC8406A4A39FF3EE9506DED20E','Ikea jungle',7,13,1,'2014-02-25 15:16:42',0,0),(229,159,'159/DBB4EB606C9A6E93D451CF3903FB424F','',5,1,1,'2014-02-25 05:02:50',1,0),(230,163,'13/14027F87EA8D241814B2A71B710CBA63','',7,13,1,'2014-02-25 15:16:36',0,0),(231,159,'159/2A1F91744E8AA116AC387C55CE743CAF','',5,1,1,'2014-02-25 05:02:50',1,0),(232,164,'1/0307D967D644E51749ADDB6FA162E1BA','Hungry\\ud83c\\udde8\\ud83c\\uddf3',5,1,1,'2014-02-25 05:02:49',1,0),(233,164,'164/BF38CB19893339A4EE9951B1E3480672','Reply t1',1,5,1,'2014-02-25 05:02:49',0,1),(234,164,'164/AC851D4C854F37EF93AA0BA05A1E30C3','',5,1,1,'2014-02-25 05:02:49',1,0),(235,165,'5/64B749920B16E3C9DF47E9998A9273CF','Conv 2',1,5,1,'2014-02-25 05:02:46',0,1),(236,165,'165/40F976DE528A832FC83B06FC30F8FC80','',5,1,1,'2014-02-25 05:02:46',1,0),(237,165,'165/294320BA157EDBC903A97FE3B40ECEA7','Got it. Looks like it\'s all working now!',1,5,1,'2014-02-25 05:02:46',0,1),(238,166,'1/59126A30B07E2F5A8B8F946ADDDB3E05','',4,1,1,'2014-02-25 23:18:08',0,0),(239,167,'1/59126A30B07E2F5A8B8F946ADDDB3E05','',5,1,1,'2014-02-25 05:00:29',0,0),(240,168,'1/59126A30B07E2F5A8B8F946ADDDB3E05','',6,1,1,'2014-02-25 05:00:18',0,0),(241,169,'5/42B86002A35989EA472E3546772192C6','2 peeps',1,5,1,'2014-02-25 06:02:55',0,1),(242,170,'5/42B86002A35989EA472E3546772192C6','2 peeps',6,5,1,'2014-02-25 05:02:43',0,1),(243,171,'13/D645F62B00249B5841A37A54C1F6FF4C','',5,13,1,'2014-02-25 15:24:19',0,0),(244,172,'13/D645F62B00249B5841A37A54C1F6FF4C','',6,13,1,'2014-02-25 15:55:44',0,0),(245,173,'13/D645F62B00249B5841A37A54C1F6FF4C','',7,13,1,'2014-02-25 15:24:53',0,0),(246,174,'5/CF3A0484E487D6D46E74E76568EF714C','Wow...',1,5,1,'2014-02-25 16:39:01',0,1),(247,175,'5/CF3A0484E487D6D46E74E76568EF714C','Wow...',4,5,1,'2014-02-25 23:18:01',0,1),(248,176,'5/CF3A0484E487D6D46E74E76568EF714C','Wow...',13,5,1,'2014-02-25 18:43:47',0,1),(249,174,'174/DABD1DBADA6C75EB89BEACD32694C650','I wonder if this is the guy we met?',5,1,1,'2014-02-25 16:39:01',1,0),(250,174,'174/AF5D60810483FA65D66C75D268290E69','I wonder if this is the guy we met?',5,1,1,'2014-02-25 16:39:01',1,0),(251,174,'174/6F518B2B8C84B5722C615E5183167F05','Maybe.. Did you send that twice? I just got two push notifications and two new Sneeks',1,5,1,'2014-02-25 16:39:01',0,1),(252,174,'174/30D4956417603D7C04DE3CC74C3879CD','Testing dupes',1,5,1,'2014-02-26 02:24:41',0,1),(253,174,'174/64728523DA64C2263467DB7A8298C489','Testing dupes',1,5,1,'2014-02-25 20:23:42',0,1),(254,174,'174/2BED3D79873BDBE6099BB8CB66A75370','Testing dupes',1,5,1,'2014-02-25 21:06:47',0,1),(255,84,'84/A603CD7BEAE64EF1F898EFFD16BB195C','Cookies to share! ',7,14,1,'2014-02-25 18:41:29',0,0),(256,84,'84/6C54CB45E77E89936985BA9D539E0BB9','nomnom\\ud83c\\udf6a',14,7,1,'2014-02-26 04:58:42',0,0),(257,173,'173/065E208CCC9CBB057A528DAEAA530238','\\ud83c\\udf6a\\ud83c\\udf6a\\ud83c\\udf6a',13,7,1,'2014-02-25 20:07:17',0,0),(258,30,'30/831884C8836255E7AD2A6F23F031CBFC','Cats?',6,1,1,'2014-02-25 21:00:59',0,0),(259,30,'30/DC3B5382539F40A35A26855EDECCED7A','Got a notification',1,6,1,'2014-02-26 02:24:38',0,0),(260,177,'5/26FBC4053D2A97948E93578DF6AD74A4','Hard at work',6,5,1,'2014-02-25 21:06:57',0,0),(261,178,'5/26FBC4053D2A97948E93578DF6AD74A4','Hard at work',7,5,1,'2014-02-25 21:07:00',0,0),(262,177,'177/4C2CDEE4FC6E0195BFAB07D7C01FFB15','Thrillist wireless details??',5,6,1,'2014-02-25 21:08:02',0,0),(263,177,'177/F45BF394A82B4C7E66FF08AFD44973CB','Free wifi for everyone!',6,5,1,'2014-02-25 21:08:55',0,0),(264,178,'178/8CE4DA4E65276CE3A120D613EB52845D','Back to work, Alson!',5,7,1,'2014-02-25 21:09:55',0,0),(265,178,'178/8F6B34F49D08320FD9B4844B9AD081BF','That is scary',7,5,1,'2014-02-25 21:11:14',0,0),(266,179,'7/93555A11F9AD8C6E3E407D8575557F7A','',13,7,1,'2014-02-25 21:33:24',0,0),(267,180,'7/B1363A8B5B3DAB71C9104BD37C88AFEF','',13,7,1,'2014-02-25 21:33:16',0,0),(268,180,'180/6BF6943610F0D36F627F99B7B5E190AA','',7,13,1,'2014-02-25 21:34:06',0,0),(269,181,'7/2FCE74994CCEBF5842883AC3F04FB566','castle time',5,7,1,'2014-02-25 23:10:13',0,0),(270,182,'5/321EA2CE8423530B26192C641A31C4E9','',4,5,1,'2014-02-26 00:11:03',0,1),(271,179,'179/9ED69FCA593B9D651EF5E4E87A1E4354','',7,13,1,'2014-02-26 02:03:39',0,0),(272,179,'179/9F4A93761FEEA3D54DC82A855E470074','my fav!',13,7,1,'2014-02-26 03:17:20',0,0),(273,179,'179/D787789614493E900E9A0E1FB746018B','my fav!',13,7,1,'2014-02-26 03:17:07',0,0),(274,183,'5/4F4DD069A49B7952CE045B9427CD6524','Oh yea!',4,5,1,'2014-02-26 02:15:11',0,0),(275,184,'5/150810A56182842C29DC78992EC5335B','Oh yea!',7,5,1,'2014-02-27 19:45:04',0,1),(276,185,'16/F4CECF317E91A5A335AC0D0DD720417E','Alrightttyyyy then. ',5,16,1,'2014-02-26 02:34:10',0,0),(277,184,'184/4303D7F885EBCCD45CEF78A56F0EB169','pew pew',5,7,1,'2014-02-26 02:34:14',0,0),(278,186,'6/6E778AE1F8A984428A717C61609FABAE','Day 1: not going out has failed',7,6,1,'2014-02-26 03:17:21',0,0),(279,186,'186/3687588877C58F1474025503A2B20F57','ha! \\ud83c\\udf7b',6,7,1,'2014-02-26 03:18:55',0,0),(280,179,'179/910D96101BBBA957E08E691187A9DF78','',7,13,1,'2014-02-26 04:59:05',0,0),(281,186,'186/82860C85665C7B9E252BD8ADC2C10CB5','\\ud83d\\ude1c\\ud83c\\uddf7\\ud83c\\uddfa',7,6,1,'2014-02-26 04:58:59',0,0),(282,187,'6/2FDE8FAFE15B09B64EAE7BB1E63D12F1','\\ud83d\\ude33\\ud83d\\ude1c',1,6,1,'2014-02-26 17:05:07',0,0),(283,188,'6/2FDE8FAFE15B09B64EAE7BB1E63D12F1','\\ud83d\\ude33\\ud83d\\ude1c',5,6,1,'2014-02-26 12:23:01',0,0),(284,189,'6/2FDE8FAFE15B09B64EAE7BB1E63D12F1','\\ud83d\\ude33\\ud83d\\ude1c',13,6,1,'2014-02-26 04:03:33',0,0),(285,190,'16/8F180DEC0A39D56AA09DC7368891777F','',16,16,0,'2014-02-26 04:35:41',0,0),(286,191,'16/A46B67786A3B8AA3D3B1D6632EAE1857','',16,16,0,'2014-02-26 04:35:42',0,0),(287,186,'186/2B2D1BE0A2E7AA28F4C4A207907E8D11','TEQUilA!!!',6,7,1,'2014-02-26 04:59:51',0,0),(288,186,'186/B6F415956F6E20DF7177B7AEEDFDCA73','VODKA \\ud83d\\ude05',7,6,1,'2014-02-26 05:02:03',0,0),(289,192,'5/2D1937B408C03ADADE8007DC8B054502','Sent at 11:47am est feb 26',1,5,1,'2014-02-26 17:01:55',0,0),(290,192,'192/216FD3FFC7A3A5DEF3C1AC7DCE3B8EF3','Says 11h ago',1,5,1,'2014-02-26 17:05:11',0,0),(291,193,'5/217E2B4DBFB1A479C63F2314E654C3A6','Sent at 1245pm feb 26',1,5,1,'2014-02-26 18:27:32',0,0),(292,194,'13/77BB08FE7224DD40CDACE7EF5C8E01F9','Tomyum soup',5,13,1,'2014-02-26 21:00:12',1,0),(293,195,'13/77BB08FE7224DD40CDACE7EF5C8E01F9','Tomyum soup',6,13,1,'2014-02-26 18:05:03',0,0),(294,196,'13/77BB08FE7224DD40CDACE7EF5C8E01F9','Tomyum soup',7,13,1,'2014-02-26 18:31:08',0,0),(295,195,'195/ECC40178B7D0D9E41142647049D8D29C','Bibimbap ',13,6,1,'2014-02-26 18:28:06',0,0),(296,197,'6/8069C37F452F171B27F9564B2ED5EA51','Next big thing?',5,6,1,'2014-02-26 21:00:14',1,0),(297,198,'6/8069C37F452F171B27F9564B2ED5EA51','Next big thing?',7,6,1,'2014-02-26 18:30:54',0,0),(298,199,'6/8069C37F452F171B27F9564B2ED5EA51','Next big thing?',13,6,1,'2014-02-26 18:28:13',0,0),(299,196,'196/487CFA3ABB8C4C99187CB99BBEDEF4AB','cottage cheese, almond butter, cinnamon, honey, pumpkin spice, whey protein, pecans',13,7,1,'2014-02-26 19:05:46',0,0),(300,200,'17/BFF7291EE65D1ADCAB40931473C6E8FE','Oops',5,17,1,'2014-02-26 20:33:05',1,0),(301,201,'17/BFF7291EE65D1ADCAB40931473C6E8FE','Oops',6,17,1,'2014-02-26 19:07:26',0,0),(302,202,'17/BFF7291EE65D1ADCAB40931473C6E8FE','Oops',7,17,1,'2014-02-26 19:09:58',0,0),(303,196,'196/37A9ECCAEE0A55216B2331840C8FC2BF','Keep that shit out of my newsfeed',7,13,1,'2014-02-26 19:25:29',0,0),(304,203,'6/E0168A058D0CDE7A27F01410546508CA','',17,6,1,'2014-02-26 19:35:03',0,0),(305,204,'5/88DF930EACC3C30B32FE4BD9972E7285','Sent 3:31pm feb 26 est',1,5,1,'2014-02-26 23:14:46',0,0),(306,199,'199/0CE15B571761CB9DFCF995BA471511A7','',6,13,1,'2014-02-26 21:41:20',0,0),(307,199,'199/61A87589AC4698FE7C2B5FB0EFF53A6A','5th floor',13,6,1,'2014-02-26 21:42:21',0,0),(308,205,'16/26C5F23A925490215FBA82F1A22BF362','Powdaaaaa',5,16,1,'2014-02-26 21:45:36',1,0),(309,206,'16/889DB35CC422E90220A822302B6C70F3','Powdaaaaa',5,16,1,'2014-02-26 21:45:05',0,0),(310,207,'7/5EE8D51ED661AF133CC18DCD8550F0E5','maaahrio',5,7,1,'2014-02-26 21:57:07',0,0),(311,208,'7/5EE8D51ED661AF133CC18DCD8550F0E5','maaahrio',6,7,1,'2014-02-26 21:56:58',0,0),(312,209,'7/5EE8D51ED661AF133CC18DCD8550F0E5','maaahrio',13,7,1,'2014-02-26 21:57:09',0,0),(313,210,'7/5EE8D51ED661AF133CC18DCD8550F0E5','maaahrio',17,7,1,'2014-02-26 21:57:16',0,0),(314,207,'207/6DC1DAA57D0D1E65285C7C877BF43429','',7,5,1,'2014-02-26 22:09:54',0,0),(315,211,'5/CF75CEBB966A5E3074128FA93260B6BD','6:12pm 2/26 est \\ud83d\\udc32',1,5,1,'2014-02-26 23:14:38',0,0),(316,212,'7/B586AD1BCE03BEA72255B09D171F94C4','',14,7,1,'2014-02-27 20:09:36',0,0),(317,207,'207/F9640B1848AF4B817860763A0FDF0ECD','#wood',5,7,1,'2014-02-26 23:35:22',0,0),(318,207,'207/287E17CA31FD9C015DDCB4ADEEE19105','',7,5,1,'2014-02-26 23:36:20',0,0),(319,213,'7/40901F88A1EE8A403CDFCD16905ABF2A','',5,7,1,'2014-02-26 23:36:02',0,0),(320,214,'7/40901F88A1EE8A403CDFCD16905ABF2A','',6,7,1,'2014-02-26 23:36:02',0,0),(321,215,'7/40901F88A1EE8A403CDFCD16905ABF2A','',13,7,1,'2014-02-26 23:37:21',0,0),(322,216,'7/40901F88A1EE8A403CDFCD16905ABF2A','',17,7,1,'2014-02-26 23:36:01',0,0),(323,217,'13/FBCA7B0B3F6A2E8FB854EB3E96220734','Guess who?',5,13,1,'2014-02-26 23:37:20',0,0),(324,218,'13/FBCA7B0B3F6A2E8FB854EB3E96220734','Guess who?',6,13,1,'2014-02-26 23:37:17',0,0),(325,219,'13/FBCA7B0B3F6A2E8FB854EB3E96220734','Guess who?',7,13,1,'2014-02-26 23:39:22',0,0),(326,220,'7/81C59E235422B2362EA7614E3D5998EA','lol',6,7,1,'2014-02-26 23:55:16',0,0),(327,221,'7/81C59E235422B2362EA7614E3D5998EA','lol',13,7,1,'2014-02-26 23:55:31',0,0),(328,222,'7/81C59E235422B2362EA7614E3D5998EA','lol',17,7,1,'2014-02-26 23:55:19',0,0),(329,220,'220/46D2A48D07D1DDA5B77E4B971319BF58','Hihi',7,6,1,'2014-02-26 23:56:27',0,0),(330,223,'5/79ADAE998E1B14B5205E152461D8726C','Wooo!',7,5,1,'2014-02-27 19:59:00',0,0),(331,224,'13/DCF20835ACE412EB0568F1F4AAA312DF','Sneeks on sneeks on sneeks',5,13,1,'2014-02-27 01:09:09',1,0),(332,225,'13/DCF20835ACE412EB0568F1F4AAA312DF','Sneeks on sneeks on sneeks',6,13,1,'2014-02-26 23:58:46',0,0),(333,226,'13/DCF20835ACE412EB0568F1F4AAA312DF','Sneeks on sneeks on sneeks',7,13,1,'2014-02-27 01:13:50',0,0),(334,227,'13/C97E6EB0A99B7FD497AFE5CCA2F33F0E','Badass. ',18,13,0,'2014-02-27 00:04:55',0,0),(335,228,'16/C0538A1D6FA182F6C1EF7C3B3BF7B9C6','Thirsty?',5,16,1,'2014-02-27 00:25:33',1,0),(336,229,'16/1D33F2706616BB0CA54CE84106080280','Thirsty?',5,16,1,'2014-02-27 00:25:27',0,0),(337,230,'5/9EA3C0AC7239BE81D70497ED3689C9D6','\\ud83d\\ude09',13,5,1,'2014-02-27 00:35:24',1,1),(338,231,'13/D36C221F9530F625BE0AE71DC5A8B6CF','',5,13,1,'2014-02-27 00:35:25',0,0),(339,232,'5/53495BA382343AF1905B43349253882F','7:36pm 2/26 est',1,5,1,'2014-02-27 00:45:54',0,0),(340,232,'232/0D3C75B62D1C9B5EDCC2FBF2B40E3081','Gym trip',5,1,1,'2014-02-27 00:46:43',0,0),(341,233,'5/383BF161D1DE30EC99E3E775DB0E0B47','801pm test',1,5,1,'2014-02-27 01:02:46',0,0),(342,226,'226/35F2B0D0D614995FF70444BBC19D0495','this is dave',13,7,1,'2014-02-27 01:14:45',0,0),(343,234,'7/5F77C0D05F18190404368A12ED098886','',5,7,1,'2014-02-27 01:16:33',1,0),(344,235,'7/5F77C0D05F18190404368A12ED098886','',6,7,1,'2014-02-27 01:16:18',0,0),(345,236,'7/5F77C0D05F18190404368A12ED098886','',13,7,1,'2014-02-27 20:12:52',0,1),(346,237,'7/5F77C0D05F18190404368A12ED098886','',17,7,1,'2014-02-27 20:12:54',0,1),(347,235,'235/C107C3FC3CDA2139233B508C75787D73','Was that Dave taking a selfie and pretending to look away?',7,6,1,'2014-02-27 19:58:27',0,0),(348,238,'5/07CCBDE83717755DB9FAAED707F6532C','901pm 2/26 est',1,5,1,'2014-02-27 02:02:14',0,0),(349,239,'17/31B9EAEFDEED22063AA61E554F71C9AB','',6,17,1,'2014-02-27 02:06:48',0,0),(350,240,'7/6B4AD4C375579597CA7C9FCC4F0309E7','',5,7,1,'2014-02-27 02:28:01',0,0),(351,241,'7/6B4AD4C375579597CA7C9FCC4F0309E7','',6,7,1,'2014-02-27 20:14:30',0,1),(352,242,'7/6B4AD4C375579597CA7C9FCC4F0309E7','',13,7,1,'2014-02-27 02:39:05',0,0),(353,243,'7/6B4AD4C375579597CA7C9FCC4F0309E7','',14,7,1,'2014-02-27 20:09:57',0,0),(354,244,'7/6B4AD4C375579597CA7C9FCC4F0309E7','',17,7,1,'2014-02-27 02:28:10',0,0),(355,244,'244/2DBAB4C6FB23CD72FBBF4874A4B80159','I like wine',7,17,1,'2014-02-27 02:38:08',0,0),(356,240,'240/A21C8282E919C58744411FB8582BBD55','That is a good use case for Sneeky - \"Have a nice day\" Sneeks just to cheer people up',7,5,1,'2014-02-27 02:37:16',0,0),(357,240,'240/1B8BB51D1D22444BF4EC1E979216FA66','yeah, I literally just sneeked it to Liz because shes been having a tough day',5,7,1,'2014-02-27 02:38:07',0,0),(358,242,'242/97EEB3AEA420412C76756F78C49DF52C','What do you think of the new font?',7,13,1,'2014-02-27 03:06:32',0,0),(359,245,'5/4745C00141B87C2352584A1856CDFC2B','10:05pm est 2/26',1,5,0,'2014-02-27 03:06:30',0,0),(360,242,'242/FBD3A8BDFE4AF6443F66A5292EC4C28A','cool, but wheres the other 80 characters?',13,7,1,'2014-02-27 03:07:16',0,0),(361,246,'5/43B66282806FA237E7703F5E2DD09D25','',1,5,1,'2014-02-27 03:59:57',0,0),(362,247,'5/3739771643883068C6F3ADFF31F75F30','1104pm 2/26 est',1,5,1,'2014-02-27 07:02:36',0,0),(363,248,'5/9F14968F33B1A2E3374EBBD911AFD699','12:18am 2/27 est',1,5,1,'2014-02-27 07:02:32',0,0),(364,249,'5/5FE534A55BBC2A63A8A334568F3766A7','1:06am 2/27 est',1,5,1,'2014-02-27 06:07:50',0,0),(365,250,'7/4FA32696B1D7C5BAE1C6755FE3F5FBA0','sneeky test',5,7,1,'2014-02-27 19:59:26',0,1),(366,249,'249/F9FB965133145CE5D8AE032EF45C0F3A','2am',5,1,1,'2014-02-27 13:48:01',0,0),(367,249,'249/6C602283E16E528A88FAEFDAD77804C3','2:01am',5,1,1,'2014-02-27 13:48:36',0,0),(368,249,'249/E5AF4760236220246FC3E4E6D07CC921','No time 7:38',5,1,1,'2014-02-27 13:48:09',0,0),(369,251,'5/F3A19ACA0C5347F1ACE058DA846FF7AD','',13,5,1,'2014-02-27 19:15:02',0,0),(370,252,'7/589827774ED2F6E225FDFDF3C196BCDB','want a cookie?',5,7,1,'2014-02-27 19:44:12',0,0),(371,251,'251/77604ABECE3D48A76E0D9B347B9E81B2','Vintage poster is up in the kitchen... Still waiting on a package',5,13,1,'2014-02-27 20:06:38',0,0),(372,253,'13/73CDC3F51C3E5E7ADECB61E6CF0384B1','Garrett should know what old no. 7 is... Any guesses?',5,13,1,'2014-02-27 20:08:20',0,0),(373,254,'13/73CDC3F51C3E5E7ADECB61E6CF0384B1','Garrett should know what old no. 7 is... Any guesses?',6,13,1,'2014-02-27 20:08:18',0,0),(374,255,'13/73CDC3F51C3E5E7ADECB61E6CF0384B1','Garrett should know what old no. 7 is... Any guesses?',7,13,1,'2014-02-27 20:09:15',0,0),(375,254,'254/CE959326E214252E158919A29BE64D7D','Beer?',13,6,1,'2014-02-27 20:09:04',0,0),(376,254,'254/AB9C7C1AC8EA193DE03C3E501CB2CD5C','Nope',6,13,1,'2014-02-27 20:13:55',0,0),(377,255,'255/5A3AF9CEE27A7179037D8F726356A75D','Jack daniels?',13,7,1,'2014-02-27 20:09:56',0,0),(378,255,'255/1EAB12FA61F49A9552492EA218B2455F','Well done sir',7,13,1,'2014-02-27 20:10:57',0,0),(379,255,'255/51327AE7A1738C074C6B180A54A657FB','What beer bottle features the #33',13,7,1,'2014-02-27 20:12:49',0,0),(380,256,'5/F917D32ED4018E13BDCBFA9EB001DD9A','',7,5,1,'2014-02-27 20:13:49',1,1),(381,257,'5/DBC92EA0521D406E083D3DF55AE82297','',7,5,1,'2014-02-27 20:14:17',1,1),(382,255,'255/F297CD8509950167BB1265549F52ACAC','Rolling rock?!!',7,13,1,'2014-02-27 20:14:46',0,0),(383,255,'255/F2E9AD2214CE8F5DAD01C50E36203748','correct!',13,7,1,'2014-02-27 20:16:50',0,0),(384,258,'7/B4C67D69E4ACABA3A344FD4DD734BC71','',5,7,1,'2014-02-27 20:19:48',1,1),(385,259,'7/B4C67D69E4ACABA3A344FD4DD734BC71','',6,7,1,'2014-02-27 20:19:49',1,1),(386,255,'255/BA6581C4915B58E3114571D73C6B4E08','Espresso time!!',7,13,1,'2014-02-27 20:19:34',0,0),(387,260,'7/CC62F09F01E9F7E570BBAF6F6752ECCA','',5,7,1,'2014-02-27 20:19:40',1,1),(388,261,'7/B77D6E054A881DFF25095D2271D2062E','',5,7,1,'2014-02-27 20:19:42',1,1),(389,262,'5/6A3BA0812B7C758B357ABE7CFD9C0636','',5,5,0,'2014-02-27 20:31:30',0,1),(390,263,'7/DD69E4709159CD2F22A497A07FA855A4','This is Kombucha',5,7,1,'2014-02-27 20:34:52',1,1),(391,264,'7/DD69E4709159CD2F22A497A07FA855A4','This is Kombucha',6,7,1,'2014-02-27 20:34:50',1,1),(392,265,'7/DD69E4709159CD2F22A497A07FA855A4','This is Kombucha',13,7,1,'2014-02-27 21:08:25',0,1),(393,266,'7/DD69E4709159CD2F22A497A07FA855A4','This is Kombucha',17,7,1,'2014-02-27 23:30:10',0,1),(394,267,'7/2510057942ADE73AE42647B3715951D4','S5 test',6,7,1,'2014-02-27 21:12:33',1,0),(395,268,'5/F4DF20027925B2E125CC52BEA4A74FA5','Aweeeywah',7,5,1,'2014-02-27 21:37:12',0,0),(396,268,'268/94CAE442BA6C1AD456437B9AC9453CAB','',7,5,1,'2014-02-27 21:52:38',0,0),(397,269,'7/5E796B2F074657551AA09FA139A70720','',5,7,1,'2014-02-27 21:43:43',0,0),(398,270,'19/5EACE1611D48D7075E447B3C277708B8','Billip!!!',6,19,1,'2014-02-27 23:28:06',0,0),(399,270,'270/920A2E095397834EB4756D0E25D6BC9E','What up!!!',19,6,1,'2014-02-27 23:29:05',0,0),(400,270,'270/EB54E9768AE5FA2EB3D11A12919D2D78','Guess who mutha fucka',6,19,1,'2014-02-27 23:29:38',0,0),(401,270,'270/844E2463293F4DAE10663CF29D79EF21','No idea!!!',19,6,0,'2014-02-27 23:34:23',0,0);
/*!40000 ALTER TABLE `CONVERSATION_ITEMS` ENABLE KEYS */;
UNLOCK TABLES;

--
-- Table structure for table `SESSIONS`
--

DROP TABLE IF EXISTS `SESSIONS`;
/*!40101 SET @saved_cs_client     = @@character_set_client */;
/*!40101 SET character_set_client = utf8 */;
CREATE TABLE `SESSIONS` (
  `SESSIONID` varchar(254) NOT NULL,
  `USERID` bigint(20) NOT NULL,
  `CREATED` timestamp NOT NULL DEFAULT CURRENT_TIMESTAMP ON UPDATE CURRENT_TIMESTAMP,
  `LASTACCESSED` timestamp NOT NULL DEFAULT '0000-00-00 00:00:00',
  `PUSH_NOTIFIER_TOKEN` varchar(254) DEFAULT NULL,
  `PUSH_NOTIFIER_TYPE` varchar(254) DEFAULT NULL,
  `SESSION_INVALID` tinyint(1) NOT NULL,
  KEY `USER_FK` (`USERID`),
  CONSTRAINT `USER_FK` FOREIGN KEY (`USERID`) REFERENCES `USERS` (`ID`) ON DELETE NO ACTION ON UPDATE NO ACTION
) ENGINE=InnoDB DEFAULT CHARSET=latin1;
/*!40101 SET character_set_client = @saved_cs_client */;

--
-- Dumping data for table `SESSIONS`
--

LOCK TABLES `SESSIONS` WRITE;
/*!40000 ALTER TABLE `SESSIONS` DISABLE KEYS */;
INSERT INTO `SESSIONS` VALUES ('001545e9-e653-46f2-b7d7-7767b8e8c5e1',1,'2014-02-22 17:15:50','2014-02-22 17:15:18','f6fa54fbf0504dec17cd855449714cf0c664820bf7b77cec6909cf79c89e2510','apple',0),('1fdce683-e126-4acf-9185-aa59610fac0f',4,'2014-02-22 17:41:42','2014-02-22 17:19:44','b4aa9a5aa1ac55ac0c038b8c55733e90b68290592ae1d76dd2d0837e38bfb0da','apple',0),('22a029a0-ef83-4a51-9082-b2756e8a191b',7,'2014-02-22 17:50:47','2014-02-22 17:38:43','52651bef2a2d583746929fecdf762a070328750253d159ab41cc811e3c59d663','apple',0),('931333d5-a4a8-464e-b9fa-35c114779676',8,'2014-02-22 17:43:19','2014-02-22 17:43:19',NULL,NULL,0),('34ba36a1-792d-470e-901e-607619909c3e',4,'2014-02-22 17:47:21','2014-02-22 17:47:21','e8c79f28c012cdd973ec332e663341f12ff9cd4518f6f380232d75a808804a4e','apple',0),('ffa21b81-b194-47c8-9fdc-c10b7d9d3fbd',7,'2014-02-22 18:14:49','2014-02-22 18:14:49','52651bef2a2d583746929fecdf762a070328750253d159ab41cc811e3c59d663','apple',0),('858ec926-9f49-4efe-acfb-c90634f42a50',13,'2014-02-22 18:23:03','2014-02-22 18:20:24','5ff99d921aa011a016efe8d9c2d21c11ae6dec2f5e7d1c4959d23cefc8595c58','apple',0),('7186da74-7bfa-4903-8c44-461a9d5c0e8e',7,'2014-02-22 18:26:04','2014-02-22 18:26:03','52651bef2a2d583746929fecdf762a070328750253d159ab41cc811e3c59d663','apple',0),('e016d3ab-b0f1-4f0e-8061-30de2318c188',1,'2014-02-25 02:13:11','2014-02-22 21:04:12','f6fa54fbf0504dec17cd855449714cf0c664820bf7b77cec6909cf79c89e2510','apple',0),('ca014655-01c3-40dc-893f-388b2a27c2a2',1,'2014-02-22 21:05:32','2014-02-22 21:05:32',NULL,NULL,0),('7a342518-7900-4ac9-a9f1-69770ff65147',7,'2014-02-23 03:46:36','2014-02-23 03:46:35','52651bef2a2d583746929fecdf762a070328750253d159ab41cc811e3c59d663','apple',0),('b1428bcb-899a-4cff-afc3-e0a2e40be44a',14,'2014-02-23 17:58:24','2014-02-23 17:57:29','c1350579cf4b5c816c4022148b70afb647f2b24cf4ea6cdc2ba7efe92d8844d6','apple',0),('91f60668-57b8-4cde-b7ad-c32bc278423b',7,'2014-02-24 01:53:46','2014-02-24 01:53:46','52651bef2a2d583746929fecdf762a070328750253d159ab41cc811e3c59d663','apple',0),('2ef5fe97-547f-44ae-8f7b-62de642af56a',16,'2014-02-24 19:14:04','2014-02-24 14:15:22','97d5994ffaff6b36edf195ef11d1e77162745284d281494f5e83adbe45b43c92','apple',0),('b6dcd80c-af54-4be3-9b12-86e3f672b74d',13,'2014-02-24 16:42:35','2014-02-24 16:42:34','5ff99d921aa011a016efe8d9c2d21c11ae6dec2f5e7d1c4959d23cefc8595c58','apple',0),('8b25de15-de61-48ee-a31f-68ffcc144edc',17,'2014-02-24 19:28:28','2014-02-24 19:28:07','b7b46a36a680352b78d38ac258e1b73444a6cfdece2b61325336967860fbadbe','apple',0),('70334b74-c27b-441c-896e-d953b31aa4d6',7,'2014-02-24 20:56:13','2014-02-24 20:56:12','52651bef2a2d583746929fecdf762a070328750253d159ab41cc811e3c59d663','apple',0),('080dae84-0112-4c0d-8633-090711f5b9f6',5,'2014-02-25 02:12:21','2014-02-25 02:12:21',NULL,NULL,0),('9c63995d-bfeb-41f9-bf0d-f5db726fe1b0',13,'2014-02-25 21:32:08','2014-02-25 21:32:08','5ff99d921aa011a016efe8d9c2d21c11ae6dec2f5e7d1c4959d23cefc8595c58','apple',0),('f63b867b-902f-488b-b896-6b3f1b314a2d',13,'2014-02-26 18:00:59','2014-02-26 18:00:58','5ff99d921aa011a016efe8d9c2d21c11ae6dec2f5e7d1c4959d23cefc8595c58','apple',0),('ae5caa79-5df7-4764-be08-9946a17c2c91',5,'2014-02-27 06:02:16','2014-02-27 06:02:16',NULL,NULL,0),('2916132b-7859-4dee-aecc-ea1dd7e1fafc',4,'2014-02-27 14:25:11','2014-02-27 14:25:10','e8c79f28c012cdd973ec332e663341f12ff9cd4518f6f380232d75a808804a4e','apple',0),('5748c01c-e988-448b-9b9b-ef02a379ef36',5,'2014-02-27 17:58:48','2014-02-27 17:58:48',NULL,NULL,0),('ccfc0997-52f7-413b-ab08-28448d5e0fa8',6,'2014-02-27 21:17:16','2014-02-27 21:17:15','c8f3b68c64f6b74aab15a7aef789cb757db89acc636769b9914af8eeee6534e0','apple',0),('8a3670d2-1b61-49cb-8c3a-46f8d39ace1b',5,'2014-02-27 22:44:55','2014-02-27 22:44:55','b7fd0dc754266b171f0626a5aa733858b8d6387978ca80c7e7e34e1e18962200','apple',0),('251131ff-9d0d-4ffe-8023-06530f576a9d',19,'2014-02-27 23:27:05','2014-02-27 23:17:11','792594dfe53017f24fe4735161a0e3e82f4a81a53e0398ee26399015571f95bb','apple',0);
/*!40000 ALTER TABLE `SESSIONS` ENABLE KEYS */;
UNLOCK TABLES;

--
-- Table structure for table `USERS`
--

DROP TABLE IF EXISTS `USERS`;
/*!40101 SET @saved_cs_client     = @@character_set_client */;
/*!40101 SET character_set_client = utf8 */;
CREATE TABLE `USERS` (
  `ID` bigint(20) NOT NULL AUTO_INCREMENT,
  `UUID` varchar(254) NOT NULL,
  `EMAIL` varchar(256) DEFAULT NULL,
  `PASSWORD` varchar(300) DEFAULT NULL,
  `BIRTHDAY` date DEFAULT NULL,
  `ACTIVE` tinyint(1) NOT NULL,
  `PHONE_NUMBER` varchar(254) DEFAULT NULL,
  `STATUS` varchar(254) NOT NULL,
  `INVITATION_COUNT` int(11) NOT NULL,
  `SOUND_NOTIF` tinyint(1) NOT NULL,
  `NEW_PICTURE_NOTIF` tinyint(1) NOT NULL,
  `MUTUAL_CONTACT_ONLY` tinyint(1) NOT NULL,
  PRIMARY KEY (`ID`)
) ENGINE=InnoDB AUTO_INCREMENT=20 DEFAULT CHARSET=latin1;
/*!40101 SET character_set_client = @saved_cs_client */;

--
-- Dumping data for table `USERS`
--

LOCK TABLES `USERS` WRITE;
/*!40000 ALTER TABLE `USERS` DISABLE KEYS */;
INSERT INTO `USERS` VALUES (1,'9aabbaf4-90be-4f60-b142-d4e347f02c65','aparrish@neosavvy.com','MtbpI3wzt9jlzWeCQcLXtG7mvbEZJHM9uQSZNHLDBgo=$PFA5Ea9ICIy/RfR3AZPzyU8x7235jIJcfBdZxFREoFk=','1981-08-10',1,'+19197419597','verified',1,1,1,1),(4,'59413db3-6f0d-433c-803f-f891356b6e6d','ccaplinger@neosavvy.com','1EWtji/BV6NmPmg1LNGfKkjWEnpeJ3MJKWmuuIEOGbQ=$Az30N8B2T1G1mOIgzc/fNEe4kexYasYtccTjgu58TrM=','1966-06-06',1,'+16144993676','verified',1,1,1,0),(5,'cbb0775c-0880-4b22-be6c-dd4a48fea622','davidalson@gmail.com','UDEexiG1Z62HP6qK+eYBlNBRRpKyUt+2SjyTV6raw6E=$8+4wnkKMwCQOTtYlfArv7aLVWlnMdJcGzEYbS06JFzI=','1996-02-22',1,'+19145526315','verified',1,1,1,0),(6,'ab2902d9-a403-4621-aa1a-61a3e5a336a0','philip@sneekyapp.com','p9CZkyP/waTOEFbBvwwv12U5XlJM6+y8x1Uu9zrXCSI=$i1PcV8P6ANGvB94WAAjEalgdUGKKKNbIIq4lTxtouCg=','1988-02-28',1,'+16467530035','verified',1,1,1,0),(7,'00ab939b-79a3-4e61-ad2b-69eb1eb7159f','gkpeek@gmail.com','B1ej9sy7EkepxtHtzf1S/qK58OYXJGATr7RH32X0Qz8=$noD/c1Fbn8sv2vAgHG2dRS/1MUsPn7kk5ZaAM1hZyuc=','1983-04-22',1,'+18166860304','verified',1,1,1,0),(8,'828a6fe3-3376-4fb5-a9d5-93fe306203c2','alsonj@gmail.com','bR7RkEqX3/We5O4ILVd5xJjubauSEsepJpnkKCfW9RI=$duZUqQeQPjefrVuWLIN5GTUvavQZ+gGWivy6IvRPo+k=','1984-03-19',1,NULL,'unverified',1,1,1,0),(13,'1c158de0-ccdf-4a1e-b101-51a2eb09f3db','paul@sneekyapp.com','KAnmZnKjVy2tdqt4nUZab9TlQRN+Yd5ROAGPGLxKDbk=$OBHfPt3pzKTLYOVKKyMRtJsEw/zprbOsP1N66R/vQ00=','1988-10-17',1,'+16507934020','verified',1,1,1,0),(14,'bd1062dc-5ba8-47de-a842-dc48e10c277a','elizabethcpeek@gmail.com','rSN0FPc6MQvjnl4fesQoFsybjp93UKoj0BxKVm+zDBs=$olh8pW8U7xYbionbAYSY3Uk33NKC1Aj8GK1NOgleUVQ=','1980-03-18',1,'+19177427979','verified',1,1,1,0),(15,'3bd7d402-4bd9-4c7e-8ecc-5f9a56361350',NULL,NULL,NULL,0,'+13474921313','stub',1,1,1,0),(16,'7797ba87-d7cb-464c-af61-1c768fb4b807','dhlevy21@gmail.com','2p6N1W65Z2duiC8/wts7nFq7CLH9es5UaBSjurK2bN4=$g1KQfoqBf83ZCtS1bOxZasHnICINqBOa2fCSzt/aU8M=','1988-06-21',1,'+17325800448','verified',1,1,1,0),(17,'f261002a-3239-4543-b206-727c34979fd5','feldman.jan@me.com','t2H+1ZamzugCn+0p6r7ValVPGo2gAN6yvdUD9kV3WJ0=$pyoWYNVthtAF6045Pyodadt+a2lggUOPy8qclufqSew=','1996-02-24',1,'+14043174092','verified',1,1,1,0),(18,'276054e3-207a-4533-bc6c-d297c9cf27f0',NULL,NULL,NULL,0,'+15189322427','stub',0,1,1,0),(19,'70c20437-fee8-43cc-aaf0-66409e25f9fa','jonathan.greenglass@gmail.com','BTVoErcgEUPWb26pnUMxyTTt1lKpZu4JXQ9nFNZGVPA=$dxdiXMuDGLp9tXSuJ55c/rUMgvpTn1hmchmo3YHCSvE=','1987-05-04',1,'+17817183688','verified',1,1,1,0);
/*!40000 ALTER TABLE `USERS` ENABLE KEYS */;
UNLOCK TABLES;
/*!40103 SET TIME_ZONE=@OLD_TIME_ZONE */;

/*!40101 SET SQL_MODE=@OLD_SQL_MODE */;
/*!40014 SET FOREIGN_KEY_CHECKS=@OLD_FOREIGN_KEY_CHECKS */;
/*!40014 SET UNIQUE_CHECKS=@OLD_UNIQUE_CHECKS */;
/*!40101 SET CHARACTER_SET_CLIENT=@OLD_CHARACTER_SET_CLIENT */;
/*!40101 SET CHARACTER_SET_RESULTS=@OLD_CHARACTER_SET_RESULTS */;
/*!40101 SET COLLATION_CONNECTION=@OLD_COLLATION_CONNECTION */;
/*!40111 SET SQL_NOTES=@OLD_SQL_NOTES */;

-- Dump completed on 2014-02-27 23:58:40
